order_id,order_date,supplier_id,product_id,category,region,quantity_ordered,unit_cost,promised_lead_time_days,actual_lead_time_days,defect_rate_pct,stock_on_hand,avg_daily_demand,demand_std_dev,reorder_point
ORD_000001,2023-11-24,SUP_005,PRD_0032,Apparel,South,62,135.99,6,5,7.14,178,36.2,0.96,43
ORD_000002,2023-04-22,SUP_001,PRD_0072,Apparel,Central,224,45.65,10,11,4.71,13,46.0,2.82,128
ORD_000003,2023-06-24,SUP_013,PRD_0044,Electronics,North,204,21.15,11,11,6.78,1236,17.3,1.13,137
ORD_000004,2023-10-02,SUP_007,PRD_0011,Pharma,East,195,116.32,6,13,5.64,93,40.4,11.71,40
ORD_000005,2023-04-30,SUP_008,PRD_0082,FMCG,South,199,72.34,6,6,5.36,1437,56.3,9.9,175
ORD_000006,2023-11-22,SUP_004,PRD_0021,Industrial,West,148,197.93,8,9,5.12,1140,14.7,5.2,34
ORD_000007,2023-04-28,SUP_007,PRD_0035,Electronics,South,300,175.52,4,6,2.52,1342,31.0,13.33,184
ORD_000008,2023-08-23,SUP_004,PRD_0096,Pharma,Central,144,149.91,7,7,3.43,1195,25.2,3.68,55
ORD_000009,2023-09-18,SUP_001,PRD_0015,Apparel,South,226,120.09,18,17,3.08,1220,59.8,8.17,161
ORD_000010,2023-01-06,SUP_009,PRD_0097,FMCG,East,67,60.11,6,8,1.27,6,57.3,13.2,87
ORD_000011,2023-09-14,SUP_002,PRD_0081,FMCG,Central,111,32.26,8,9,6.1,1104,57.3,13.88,20
ORD_000012,2023-11-03,SUP_002,PRD_0047,FMCG,South,39,49.69,13,14,4.54,161,7.0,7.55,37
ORD_000013,2023-09-30,SUP_008,PRD_0071,Apparel,East,280,174.74,7,7,3.39,433,55.9,11.45,196
ORD_000014,2023-04-13,SUP_011,PRD_0084,FMCG,West,274,91.39,12,12,1.98,131,21.6,9.03,78
ORD_000015,2023-10-29,SUP_012,PRD_0081,Electronics,South,44,181.27,10,9,6.88,145,31.8,4.54,144
ORD_000016,2023-04-20,SUP_015,PRD_0074,Pharma,West,134,157.35,20,20,6.46,389,7.5,10.06,110
ORD_000017,2023-08-05,SUP_012,PRD_0007,Electronics,North,216,146.19,16,17,6.4,223,16.4,3.26,134
ORD_000018,2023-03-13,SUP_008,PRD_0032,Electronics,West,291,21.39,16,16,5.22,1107,50.5,14.55,80
ORD_000019,2023-03-27,SUP_004,PRD_0052,Electronics,South,204,2.43,16,17,3.12,931,18.5,10.6,162
ORD_000020,2023-12-05,SUP_005,PRD_0028,Electronics,Central,287,14.07,18,18,2.51,102,35.9,7.79,155
ORD_000021,2023-03-22,SUP_002,PRD_0024,Electronics,Central,44,135.69,4,11,1.88,245,56.6,8.76,168
ORD_000022,2023-11-01,SUP_007,PRD_0085,Pharma,Central,277,64.64,4,5,2.09,1371,43.5,3.96,121
ORD_000023,2023-03-09,SUP_015,PRD_0097,Electronics,North,244,124.99,12,13,4.5,204,6.2,3.59,87
ORD_000024,2023-03-09,SUP_015,PRD_0032,FMCG,East,90,88.76,14,18,4.35,619,37.5,14.81,187
ORD_000025,2023-09-28,SUP_009,PRD_0039,Electronics,South,145,24.85,3,5,0.86,1133,11.0,4.59,73
ORD_000026,2023-06-25,SUP_014,PRD_0034,Pharma,West,138,181.26,9,11,6.77,189,38.8,12.53,31
ORD_000027,2023-01-02,SUP_011,PRD_0034,Apparel,West,292,141.72,13,15,4.49,229,6.4,13.31,58
ORD_000028,2023-10-07,SUP_010,PRD_0071,Apparel,West,75,10.28,4,8,2.92,81,54.1,3.55,83
ORD_000029,2023-12-08,SUP_009,PRD_0053,Pharma,South,131,173.19,6,6,7.81,362,53.1,0.86,105
ORD_000030,2023-07-30,SUP_013,PRD_0090,Electronics,West,29,172.0,10,10,1.78,942,22.3,12.4,78
ORD_000031,2023-04-25,SUP_007,PRD_0043,FMCG,North,152,71.53,3,4,4.08,1391,58.9,8.28,27
ORD_000032,2023-03-01,SUP_005,PRD_0005,Electronics,Central,232,70.45,11,11,6.29,893,37.2,7.92,118
ORD_000033,2023-10-23,SUP_012,PRD_0056,Electronics,Central,285,138.0,9,9,7.52,1373,13.4,6.75,190
ORD_000034,2023-06-19,SUP_002,PRD_0093,FMCG,Central,168,134.04,13,14,2.61,1427,19.1,2.35,127
ORD_000035,2023-12-07,SUP_015,PRD_0023,Pharma,Central,164,82.4,15,17,6.67,622,18.6,6.73,168
ORD_000036,2023-11-07,SUP_008,PRD_0087,Apparel,Central,252,159.16,13,14,7.68,347,40.2,4.61,189
ORD_000037,2023-11-21,SUP_013,PRD_0031,FMCG,South,111,31.18,13,12,0.37,973,37.5,11.64,136
ORD_000038,2023-08-01,SUP_012,PRD_0050,Industrial,West,134,31.22,21,21,5.5,218,47.1,3.67,198
ORD_000039,2023-09-23,SUP_004,PRD_0016,Industrial,South,247,134.18,17,16,7.9,1219,20.4,11.45,133
ORD_000040,2023-11-10,SUP_015,PRD_0071,Industrial,South,253,91.11,19,19,6.01,1305,18.1,11.78,144
ORD_000041,2023-11-17,SUP_002,PRD_0092,FMCG,South,149,68.5,10,10,7.14,165,10.0,3.85,197
ORD_000042,2023-03-20,SUP_007,PRD_0043,Pharma,West,222,14.33,9,8,6.66,797,54.5,8.97,198
ORD_000043,2023-01-11,SUP_001,PRD_0046,FMCG,West,224,108.57,21,21,5.88,1235,54.1,7.58,89
ORD_000044,2023-08-12,SUP_006,PRD_0086,Industrial,South,249,184.07,18,17,7.85,1093,3.6,6.21,164
ORD_000045,2023-12-06,SUP_007,PRD_0018,Industrial,South,35,53.51,3,2,2.62,931,21.0,11.54,117
ORD_000046,2023-05-23,SUP_002,PRD_0061,Electronics,Central,36,199.98,16,16,2.8,1331,6.0,14.38,30
ORD_000047,2023-01-16,SUP_001,PRD_0080,Apparel,South,74,95.77,10,10,0.92,446,29.0,4.22,114
ORD_000048,2023-03-27,SUP_003,PRD_0040,Electronics,Central,23,185.92,6,8,4.61,768,25.0,10.87,39
ORD_000049,2023-10-31,SUP_013,PRD_0039,Pharma,North,299,156.96,10,9,2.78,877,40.4,1.5,185
ORD_000050,2023-06-24,SUP_014,PRD_0063,Electronics,West,195,127.85,3,7,6.63,1448,10.9,3.05,153
ORD_000051,2023-11-30,SUP_015,PRD_0069,Industrial,West,233,165.5,11,12,4.74,660,51.4,12.55,42
ORD_000052,2023-05-23,SUP_008,PRD_0073,Pharma,West,182,7.68,17,17,6.81,372,30.3,5.64,86
ORD_000053,2023-06-24,SUP_012,PRD_0036,Pharma,North,274,189.72,11,15,0.68,1474,25.6,8.55,81
ORD_000054,2023-12-20,SUP_008,PRD_0058,Electronics,North,160,45.88,18,19,5.53,627,40.5,5.85,161
ORD_000055,2023-09-29,SUP_012,PRD_0071,FMCG,East,242,55.64,14,14,2.01,247,43.8,5.08,157
ORD_000056,2023-12-20,SUP_012,PRD_0062,FMCG,Central,278,120.16,8,8,7.84,397,19.2,5.73,97
ORD_000057,2023-01-08,SUP_001,PRD_0007,Pharma,East,74,128.3,20,20,6.02,210,52.6,8.82,140
ORD_000058,2023-09-03,SUP_001,PRD_0033,Industrial,North,43,81.34,17,17,0.59,1289,41.8,2.7,164
ORD_000059,2023-06-05,SUP_002,PRD_0072,Industrial,Central,125,155.59,5,12,3.04,906,19.2,9.03,129
ORD_000060,2023-06-06,SUP_010,PRD_0095,Electronics,South,118,54.4,21,22,0.65,491,12.1,1.59,20
ORD_000061,2023-07-29,SUP_008,PRD_0038,Electronics,South,157,141.98,17,19,5.62,929,6.1,3.88,87
ORD_000062,2023-11-17,SUP_015,PRD_0026,Industrial,North,288,46.51,21,22,1.19,544,49.9,1.54,62
ORD_000063,2023-06-07,SUP_008,PRD_0016,Industrial,East,216,188.65,21,25,4.0,1011,27.4,9.17,130
ORD_000064,2023-06-15,SUP_004,PRD_0087,Pharma,Central,20,199.92,11,10,5.38,551,35.4,11.57,64
ORD_000065,2023-08-29,SUP_015,PRD_0036,Apparel,Central,233,127.69,19,20,3.93,186,29.3,6.42,102
ORD_000066,2023-12-10,SUP_006,PRD_0053,Industrial,East,215,163.09,6,10,4.4,931,7.1,4.16,49
ORD_000067,2023-07-26,SUP_001,PRD_0085,Pharma,West,221,12.73,19,21,4.15,1275,45.9,9.57,33
ORD_000068,2023-04-15,SUP_015,PRD_0037,Industrial,West,72,7.72,11,12,5.04,490,43.2,5.01,23
ORD_000069,2023-10-10,SUP_014,PRD_0015,Industrial,North,88,100.68,16,15,5.73,1042,42.9,6.52,143
ORD_000070,2023-08-30,SUP_003,PRD_0050,Apparel,Central,270,149.77,10,11,1.09,142,18.0,11.96,126
ORD_000071,2023-06-24,SUP_001,PRD_0037,FMCG,Central,260,173.32,19,19,3.57,991,22.0,8.5,159
ORD_000072,2023-07-13,SUP_014,PRD_0025,Apparel,Central,206,48.25,17,21,6.2,89,20.5,7.36,117
ORD_000073,2023-07-17,SUP_001,PRD_0017,Pharma,Central,179,174.2,7,8,6.99,901,7.8,13.7,23
ORD_000074,2023-03-15,SUP_003,PRD_0010,Industrial,East,183,125.41,16,20,3.18,164,51.4,12.86,156
ORD_000075,2023-07-14,SUP_015,PRD_0098,Industrial,Central,28,124.26,13,14,1.88,1401,55.4,14.96,43
ORD_000076,2023-08-11,SUP_012,PRD_0013,Industrial,South,163,180.88,6,8,0.37,114,19.0,5.94,57
ORD_000077,2023-05-06,SUP_011,PRD_0024,Apparel,South,50,122.68,19,19,3.06,1399,16.0,13.74,56
ORD_000078,2023-04-29,SUP_008,PRD_0033,Electronics,West,157,136.17,17,18,1.26,904,56.8,14.82,96
ORD_000079,2023-11-24,SUP_008,PRD_0039,Apparel,West,257,23.12,16,18,3.05,735,35.3,14.89,95
ORD_000080,2023-01-12,SUP_010,PRD_0088,Electronics,Central,264,166.9,15,15,7.22,471,37.2,5.61,182
ORD_000081,2023-04-08,SUP_012,PRD_0099,Apparel,North,30,63.17,11,13,3.53,1186,23.2,2.41,95
ORD_000082,2023-06-17,SUP_003,PRD_0070,FMCG,Central,266,182.87,16,16,6.64,526,55.0,14.19,95
ORD_000083,2023-06-23,SUP_002,PRD_0019,Apparel,West,295,74.42,6,7,6.33,28,17.3,2.29,114
ORD_000084,2023-12-11,SUP_014,PRD_0082,FMCG,North,129,95.35,11,12,4.96,1149,21.0,9.35,185
ORD_000085,2023-02-02,SUP_005,PRD_0084,Industrial,North,81,10.98,17,21,0.3,1008,8.7,3.9,157
ORD_000086,2023-03-11,SUP_011,PRD_0096,Pharma,West,89,177.31,15,16,5.24,1002,37.7,14.12,91
ORD_000087,2023-01-17,SUP_008,PRD_0031,FMCG,North,198,109.8,14,14,7.82,734,5.5,4.5,51
ORD_000088,2023-08-21,SUP_011,PRD_0082,Pharma,North,35,157.79,5,6,1.95,257,47.6,3.48,161
ORD_000089,2023-04-17,SUP_014,PRD_0030,FMCG,South,11,56.9,21,21,7.87,266,33.3,12.08,48
ORD_000090,2023-12-05,SUP_006,PRD_0031,Pharma,East,18,36.5,3,3,0.42,862,32.5,11.31,141
ORD_000091,2023-08-18,SUP_002,PRD_0058,Pharma,South,32,145.99,14,15,7.27,1349,32.2,7.14,27
ORD_000092,2023-02-01,SUP_007,PRD_0088,Electronics,West,237,16.55,18,22,0.65,1245,10.6,2.33,179
ORD_000093,2023-11-21,SUP_006,PRD_0049,Pharma,Central,160,91.84,21,22,4.84,203,48.0,2.16,187
ORD_000094,2023-11-30,SUP_004,PRD_0056,Industrial,South,221,69.11,20,22,3.63,851,44.3,5.03,100
ORD_000095,2023-12-07,SUP_003,PRD_0088,Industrial,North,56,166.69,11,11,0.75,197,45.2,5.9,53
ORD_000096,2023-10-12,SUP_009,PRD_0072,FMCG,North,220,72.01,4,5,5.32,866,52.3,10.96,93
ORD_000097,2023-11-04,SUP_010,PRD_0065,Apparel,South,256,46.4,12,12,0.87,1139,23.3,11.56,166
ORD_000098,2023-04-26,SUP_013,PRD_0080,Pharma,Central,23,122.58,16,20,5.26,1420,17.5,3.12,199
ORD_000099,2023-06-08,SUP_003,PRD_0019,Pharma,West,45,30.09,13,13,5.07,62,7.3,8.19,116
ORD_000100,2023-08-03,SUP_006,PRD_0040,FMCG,Central,53,176.9,17,17,1.24,1265,4.9,1.68,133
ORD_000101,2023-12-05,SUP_008,PRD_0054,FMCG,South,272,24.54,16,17,3.44,580,41.3,9.1,154
ORD_000102,2023-12-08,SUP_007,PRD_0077,Electronics,North,114,61.68,12,11,1.69,281,46.3,4.7,50
ORD_000103,2023-01-04,SUP_003,PRD_0017,Industrial,Central,127,101.05,18,20,6.67,725,6.2,13.0,30
ORD_000104,2023-08-12,SUP_002,PRD_0041,Pharma,West,217,142.48,3,4,3.34,235,25.5,14.51,63
ORD_000105,2023-11-13,SUP_015,PRD_0047,Electronics,West,64,50.18,17,19,4.71,1073,6.6,13.12,106
ORD_000106,2023-04-24,SUP_002,PRD_0066,Electronics,Central,271,40.39,13,15,6.21,719,44.2,12.37,57
ORD_000107,2023-05-01,SUP_004,PRD_0023,Pharma,South,48,37.07,6,6,6.18,1011,28.9,8.67,168
ORD_000108,2023-08-18,SUP_010,PRD_0042,FMCG,South,235,15.52,21,22,3.54,620,48.2,9.08,110
ORD_000109,2023-09-17,SUP_008,PRD_0005,Electronics,East,156,17.19,5,5,6.91,184,37.7,7.85,138
ORD_000110,2023-10-25,SUP_012,PRD_0006,Industrial,Central,106,65.66,20,27,3.81,308,57.5,7.03,107
ORD_000111,2024-01-01,SUP_003,PRD_0006,Apparel,West,234,105.77,5,6,4.88,745,23.6,4.6,124
ORD_000112,2023-06-23,SUP_011,PRD_0043,Electronics,East,58,112.48,4,6,3.09,516,44.0,10.02,174
ORD_000113,2023-03-18,SUP_011,PRD_0019,FMCG,East,210,27.53,13,12,5.67,173,20.0,5.96,104
ORD_000114,2023-03-07,SUP_011,PRD_0055,Pharma,East,19,73.79,19,18,1.44,438,21.8,11.61,69
ORD_000115,2023-04-26,SUP_005,PRD_0013,Pharma,Central,279,9.47,7,7,2.69,1265,9.6,5.96,61
ORD_000116,2023-04-03,SUP_001,PRD_0053,FMCG,South,237,122.9,8,10,6.02,919,15.6,3.97,140
ORD_000117,2023-04-10,SUP_010,PRD_0057,Industrial,East,205,101.58,14,16,3.35,331,49.4,12.12,55
ORD_000118,2023-05-09,SUP_014,PRD_0048,Pharma,North,274,170.53,4,5,2.28,328,17.8,13.63,57
ORD_000119,2023-08-12,SUP_004,PRD_0058,FMCG,North,222,12.54,5,12,4.02,482,24.4,1.68,77
ORD_000120,2023-01-15,SUP_014,PRD_0092,FMCG,South,80,9.58,13,17,7.34,967,42.4,2.51,200
ORD_000121,2023-08-29,SUP_015,PRD_0011,Electronics,East,120,167.32,17,18,4.39,1489,37.3,6.64,93
ORD_000122,2023-05-02,SUP_004,PRD_0054,Pharma,West,42,23.95,12,12,7.24,1222,33.1,9.66,167
ORD_000123,2023-05-04,SUP_001,PRD_0079,FMCG,South,223,39.09,7,7,5.35,1072,58.5,1.48,154
ORD_000124,2023-10-06,SUP_009,PRD_0071,Electronics,West,250,10.62,19,21,3.1,764,16.7,0.74,37
ORD_000125,2023-06-26,SUP_011,PRD_0014,Pharma,East,78,10.78,10,12,4.37,1316,12.2,11.8,138
ORD_000126,2023-12-23,SUP_013,PRD_0018,Electronics,West,28,60.1,18,19,0.35,408,53.4,5.08,99
ORD_000127,2023-09-21,SUP_009,PRD_0061,FMCG,North,107,58.65,15,22,6.9,97,52.2,5.31,51
ORD_000128,2023-07-08,SUP_012,PRD_0057,Industrial,East,105,100.25,16,20,3.98,1063,17.5,1.7,128
ORD_000129,2023-02-10,SUP_014,PRD_0024,Pharma,East,174,22.31,16,17,2.62,605,19.8,9.24,129
ORD_000130,2023-03-27,SUP_001,PRD_0094,FMCG,Central,232,56.36,17,17,7.84,117,6.4,9.74,113
ORD_000131,2023-09-20,SUP_003,PRD_0078,Industrial,North,74,15.31,8,15,6.23,750,23.0,14.27,28
ORD_000132,2023-11-06,SUP_006,PRD_0048,Industrial,North,80,106.83,7,9,3.18,1330,18.2,14.43,26
ORD_000133,2023-04-06,SUP_015,PRD_0072,Electronics,East,143,141.4,18,19,1.72,1253,18.6,13.79,145
ORD_000134,2023-04-13,SUP_002,PRD_0058,Apparel,West,54,162.48,6,6,7.74,654,40.7,10.79,160
ORD_000135,2023-10-05,SUP_014,PRD_0021,Apparel,East,270,46.4,12,16,7.88,284,15.7,7.66,112
ORD_000136,2023-10-11,SUP_013,PRD_0071,Apparel,Central,54,15.02,21,21,3.19,1468,43.7,8.12,124
ORD_000137,2023-10-22,SUP_006,PRD_0083,Electronics,West,248,136.66,5,5,2.76,1129,39.1,3.14,53
ORD_000138,2023-08-10,SUP_001,PRD_0016,Pharma,South,165,34.6,19,23,2.58,1452,15.1,14.24,152
ORD_000139,2023-05-26,SUP_011,PRD_0071,FMCG,South,165,123.66,5,5,0.75,1312,11.8,14.15,59
ORD_000140,2023-03-29,SUP_010,PRD_0006,Electronics,North,33,189.81,13,17,6.17,542,39.8,11.62,126
ORD_000141,2023-11-13,SUP_011,PRD_0070,FMCG,East,257,50.49,3,4,6.46,831,19.3,1.56,35
ORD_000142,2023-03-22,SUP_008,PRD_0027,FMCG,Central,83,63.89,17,17,5.75,707,58.6,2.4,114
ORD_000143,2023-09-21,SUP_004,PRD_0060,Electronics,East,240,51.09,20,19,0.77,594,56.8,13.03,127
ORD_000144,2023-05-08,SUP_015,PRD_0074,FMCG,South,91,100.66,8,10,4.12,1021,53.0,7.71,43
ORD_000145,2023-07-21,SUP_004,PRD_0028,Pharma,East,34,12.01,19,20,3.96,1339,41.0,4.64,22
ORD_000146,2023-02-25,SUP_005,PRD_0094,FMCG,West,197,10.96,16,16,0.41,1150,13.3,8.52,38
ORD_000147,2023-07-17,SUP_009,PRD_0036,Pharma,Central,70,27.48,19,20,0.77,764,48.1,5.42,113
ORD_000148,2023-03-15,SUP_007,PRD_0065,Electronics,North,29,29.13,9,10,2.66,970,32.1,2.66,151
ORD_000149,2023-03-13,SUP_006,PRD_0021,Industrial,Central,163,119.56,13,17,4.06,1043,32.9,10.78,96
ORD_000150,2023-09-01,SUP_011,PRD_0015,Industrial,Central,167,159.76,3,3,5.8,1409,38.5,9.16,87
ORD_000151,2023-12-02,SUP_012,PRD_0007,Pharma,West,97,105.8,21,22,5.77,778,10.6,10.37,28
ORD_000152,2023-10-21,SUP_008,PRD_0041,Industrial,South,221,138.72,6,6,3.28,1252,55.4,13.16,35
ORD_000153,2023-12-28,SUP_009,PRD_0042,Industrial,Central,202,64.12,7,8,1.39,1091,21.9,5.64,194
ORD_000154,2023-11-26,SUP_004,PRD_0032,FMCG,Central,162,46.52,11,12,7.78,609,46.7,10.72,196
ORD_000155,2023-12-27,SUP_006,PRD_0072,FMCG,East,72,115.55,18,18,4.35,808,49.5,14.34,57
ORD_000156,2023-05-29,SUP_012,PRD_0011,FMCG,West,141,149.97,4,4,1.71,1103,17.7,8.65,89
ORD_000157,2023-03-12,SUP_010,PRD_0031,Apparel,North,281,46.68,6,7,1.86,205,26.0,10.9,45
ORD_000158,2023-12-15,SUP_009,PRD_0021,Industrial,West,254,130.81,7,6,6.05,588,20.6,9.87,42
ORD_000159,2023-11-30,SUP_012,PRD_0093,Electronics,South,223,176.68,21,21,1.41,74,59.8,6.26,146
ORD_000160,2023-04-06,SUP_001,PRD_0039,Pharma,Central,64,185.83,12,16,2.68,930,59.4,8.38,146
ORD_000161,2023-03-10,SUP_004,PRD_0015,FMCG,South,244,130.36,19,20,5.75,28,44.7,11.97,165
ORD_000162,2023-12-12,SUP_014,PRD_0082,Industrial,West,273,66.93,9,9,3.21,195,12.7,2.54,102
ORD_000163,2023-05-08,SUP_004,PRD_0058,FMCG,East,164,117.33,3,3,4.58,535,39.9,10.55,35
ORD_000164,2023-12-08,SUP_003,PRD_0052,Pharma,East,70,128.46,6,7,7.53,752,37.6,3.68,54
ORD_000165,2023-09-02,SUP_010,PRD_0048,Industrial,Central,251,151.96,7,8,6.42,447,46.2,10.36,172
ORD_000166,2023-02-11,SUP_012,PRD_0047,Electronics,Central,67,14.23,19,20,4.38,1035,13.7,8.28,62
ORD_000167,2023-06-17,SUP_011,PRD_0027,Pharma,West,56,179.98,19,19,3.56,113,28.3,7.94,136
ORD_000168,2023-10-16,SUP_011,PRD_0040,Electronics,West,140,163.66,4,5,5.97,1184,6.2,6.64,199
ORD_000169,2023-02-02,SUP_015,PRD_0009,Industrial,North,156,82.96,20,27,6.15,1313,58.7,9.87,127
ORD_000170,2023-07-11,SUP_015,PRD_0049,Industrial,North,286,28.33,15,16,6.88,242,12.4,8.29,155
ORD_000171,2023-03-07,SUP_013,PRD_0003,FMCG,West,288,85.98,10,14,3.03,470,16.4,5.52,90
ORD_000172,2023-04-07,SUP_011,PRD_0054,Pharma,North,133,42.8,6,5,0.81,68,27.9,10.24,32
ORD_000173,2023-05-06,SUP_004,PRD_0070,Apparel,North,81,101.77,4,4,2.31,1498,35.4,8.87,192
ORD_000174,2023-06-14,SUP_003,PRD_0085,Pharma,South,221,61.5,10,10,0.49,1211,53.0,13.72,180
ORD_000175,2023-12-14,SUP_001,PRD_0045,Industrial,Central,173,139.87,16,17,3.27,614,23.8,11.44,141
ORD_000176,2023-05-04,SUP_012,PRD_0019,Industrial,North,297,83.71,10,10,3.33,1085,9.8,4.02,72
ORD_000177,2023-06-19,SUP_014,PRD_0048,Electronics,Central,107,12.2,5,9,3.02,1238,37.0,13.17,68
ORD_000178,2023-10-28,SUP_004,PRD_0043,FMCG,North,118,187.56,20,20,7.7,240,45.3,11.44,82
ORD_000179,2023-12-23,SUP_004,PRD_0071,FMCG,East,204,94.32,9,9,5.19,631,17.2,7.94,147
ORD_000180,2023-08-27,SUP_012,PRD_0061,FMCG,South,199,63.96,6,8,0.37,453,45.0,0.74,161
ORD_000181,2023-10-27,SUP_005,PRD_0020,Apparel,East,127,77.21,21,23,6.67,1022,33.9,14.18,106
ORD_000182,2023-05-12,SUP_011,PRD_0095,Industrial,West,96,147.09,18,25,2.82,286,43.8,7.58,158
ORD_000183,2023-11-25,SUP_014,PRD_0010,Electronics,North,221,29.22,4,5,5.05,139,43.0,0.63,149
ORD_000184,2023-08-22,SUP_011,PRD_0086,Pharma,West,259,5.11,14,13,4.26,842,2.7,8.18,90
ORD_000185,2023-10-02,SUP_014,PRD_0090,Industrial,South,64,183.77,12,11,4.2,493,13.1,8.13,110
ORD_000186,2023-05-17,SUP_007,PRD_0059,Pharma,South,125,61.39,15,14,6.62,165,39.9,12.94,28
ORD_000187,2023-02-17,SUP_009,PRD_0061,Electronics,North,97,18.37,15,15,6.76,1320,47.5,8.7,44
ORD_000188,2023-09-28,SUP_015,PRD_0089,Pharma,West,148,11.22,4,4,0.59,574,54.2,8.67,28
ORD_000189,2023-04-02,SUP_004,PRD_0076,Apparel,West,49,61.26,13,12,4.51,1160,50.4,6.14,158
ORD_000190,2023-06-19,SUP_003,PRD_0089,Electronics,Central,187,12.63,15,17,3.5,155,21.8,11.65,172
ORD_000191,2023-07-23,SUP_005,PRD_0058,Industrial,South,192,111.5,13,12,3.0,380,41.4,10.08,41
ORD_000192,2023-11-13,SUP_012,PRD_0010,Electronics,East,88,77.24,12,14,6.27,315,44.9,5.09,47
ORD_000193,2023-02-16,SUP_008,PRD_0047,FMCG,North,77,19.28,3,7,3.45,1140,34.2,6.42,26
ORD_000194,2023-02-15,SUP_010,PRD_0077,FMCG,West,16,59.79,14,15,3.1,173,44.0,8.61,82
ORD_000195,2023-10-20,SUP_007,PRD_0022,Apparel,East,164,55.14,19,19,1.17,342,27.2,6.61,143
ORD_000196,2023-02-09,SUP_004,PRD_0093,Industrial,Central,110,92.66,14,14,1.08,13,57.0,5.32,178
ORD_000197,2023-07-14,SUP_007,PRD_0084,Pharma,South,163,65.49,13,13,7.58,411,29.8,3.08,121
ORD_000198,2023-06-13,SUP_011,PRD_0063,Pharma,South,176,76.46,12,14,6.53,804,23.2,14.01,71
ORD_000199,2023-10-31,SUP_013,PRD_0071,Electronics,West,117,88.81,20,20,2.33,1418,6.0,12.79,124
ORD_000200,2023-12-11,SUP_005,PRD_0031,FMCG,South,226,158.24,18,18,0.59,1224,29.8,6.31,149
ORD_000201,2023-12-21,SUP_013,PRD_0047,Pharma,Central,53,23.66,16,17,1.99,1361,22.6,9.88,31
ORD_000202,2023-10-16,SUP_006,PRD_0056,Electronics,North,60,53.23,15,22,4.09,1062,34.4,10.47,76
ORD_000203,2023-08-17,SUP_013,PRD_0087,Pharma,Central,87,70.3,14,14,0.2,214,19.1,13.85,41
ORD_000204,2023-03-01,SUP_006,PRD_0059,Apparel,Central,257,70.96,7,7,0.78,1478,42.4,5.12,96
ORD_000205,2023-01-23,SUP_006,PRD_0083,Electronics,South,134,104.17,6,5,4.42,677,34.5,14.4,79
ORD_000206,2023-07-27,SUP_011,PRD_0056,Industrial,North,111,91.02,8,8,3.44,9,42.9,3.48,200
ORD_000207,2023-02-02,SUP_014,PRD_0069,Apparel,East,176,41.02,21,20,0.91,1373,52.0,8.15,183
ORD_000208,2023-06-10,SUP_010,PRD_0015,FMCG,East,244,124.24,15,16,6.51,1445,48.4,13.82,171
ORD_000209,2023-02-13,SUP_004,PRD_0040,Electronics,South,201,139.3,7,7,4.09,856,36.6,8.83,128
ORD_000210,2023-04-06,SUP_012,PRD_0083,Apparel,Central,95,98.95,18,19,1.12,644,50.8,9.48,111
ORD_000211,2023-01-05,SUP_014,PRD_0050,Pharma,Central,263,83.01,18,18,3.93,1454,50.7,7.59,41
ORD_000212,2023-10-17,SUP_004,PRD_0038,Electronics,East,125,108.45,3,5,1.35,936,34.8,11.7,146
ORD_000213,2023-10-09,SUP_002,PRD_0035,Pharma,East,287,164.88,19,19,0.33,1472,27.6,3.67,128
ORD_000214,2023-02-22,SUP_001,PRD_0058,FMCG,East,54,88.94,10,10,7.95,485,14.2,11.2,196
ORD_000215,2023-06-29,SUP_003,PRD_0027,Apparel,North,189,107.39,16,16,4.77,344,20.8,10.71,94
ORD_000216,2023-10-21,SUP_009,PRD_0087,Electronics,South,220,183.92,11,18,7.94,1343,9.4,13.06,83
ORD_000217,2023-03-16,SUP_013,PRD_0087,Industrial,West,82,116.33,13,15,2.15,848,23.8,1.59,43
ORD_000218,2023-07-26,SUP_012,PRD_0048,Industrial,West,177,117.23,19,21,6.95,1500,7.4,14.6,182
ORD_000219,2023-12-07,SUP_013,PRD_0069,Industrial,South,229,165.32,14,18,3.96,661,50.0,5.4,167
ORD_000220,2023-03-08,SUP_013,PRD_0044,Electronics,North,60,125.98,21,25,6.69,33,9.2,12.94,132
ORD_000221,2023-08-22,SUP_007,PRD_0026,Apparel,East,91,175.14,3,10,7.01,191,40.0,4.13,115
ORD_000222,2023-12-07,SUP_011,PRD_0040,Apparel,West,56,141.33,8,7,0.01,976,6.5,9.11,152
ORD_000223,2023-12-15,SUP_012,PRD_0044,Electronics,West,77,96.58,17,16,1.83,182,44.4,1.99,100
ORD_000224,2023-07-08,SUP_013,PRD_0097,Apparel,South,45,107.04,12,12,0.07,1331,11.5,5.59,74
ORD_000225,2023-11-18,SUP_010,PRD_0088,Industrial,South,54,179.53,7,11,1.12,252,36.2,6.07,129
ORD_000226,2023-06-11,SUP_011,PRD_0011,Apparel,Central,155,156.24,7,7,5.52,1348,52.8,3.48,175
ORD_000227,2023-09-18,SUP_005,PRD_0083,Electronics,South,263,78.41,9,11,1.93,1306,36.4,8.16,23
ORD_000228,2023-07-04,SUP_014,PRD_0073,Industrial,East,289,137.22,13,13,6.1,149,3.0,1.48,87
ORD_000229,2023-04-21,SUP_013,PRD_0051,Pharma,East,266,153.89,4,8,3.39,823,6.8,8.28,177
ORD_000230,2023-03-20,SUP_002,PRD_0066,Apparel,South,284,66.7,11,10,4.69,1330,41.5,1.46,198
ORD_000231,2023-08-12,SUP_002,PRD_0056,Electronics,West,38,63.24,10,9,5.93,359,8.9,10.76,199
ORD_000232,2023-01-06,SUP_006,PRD_0067,Pharma,East,95,75.63,8,9,6.0,550,44.5,2.21,27
ORD_000233,2023-06-21,SUP_002,PRD_0034,Pharma,North,264,92.13,16,16,2.88,1023,51.8,2.92,60
ORD_000234,2023-05-11,SUP_011,PRD_0093,Electronics,South,270,2.51,6,10,6.87,25,16.2,7.34,118
ORD_000235,2023-03-18,SUP_014,PRD_0005,Pharma,West,124,65.72,8,12,3.33,1475,20.6,12.48,166
ORD_000236,2023-07-10,SUP_015,PRD_0007,Apparel,South,274,196.32,6,7,7.63,141,52.9,13.06,99
ORD_000237,2023-06-17,SUP_001,PRD_0048,Apparel,East,298,157.33,5,6,5.92,496,28.9,9.08,146
ORD_000238,2023-04-11,SUP_004,PRD_0020,Electronics,West,22,48.13,20,22,2.77,1420,52.9,14.29,20
ORD_000239,2023-12-03,SUP_012,PRD_0040,Electronics,South,281,196.66,15,19,3.36,122,58.4,2.56,91
ORD_000240,2023-02-17,SUP_015,PRD_0067,Industrial,East,244,194.96,4,8,0.68,195,31.3,9.74,120
ORD_000241,2023-02-08,SUP_007,PRD_0085,Apparel,South,159,53.68,21,22,2.52,804,42.6,11.16,101
ORD_000242,2023-08-20,SUP_004,PRD_0018,Pharma,North,89,22.92,11,11,3.6,643,25.6,8.27,73
ORD_000243,2023-08-20,SUP_014,PRD_0016,Electronics,South,165,165.62,12,13,5.58,82,14.5,12.92,57
ORD_000244,2023-02-16,SUP_007,PRD_0066,Electronics,East,143,164.38,10,17,1.39,828,51.6,8.56,160
ORD_000245,2023-05-08,SUP_013,PRD_0018,Electronics,North,41,166.41,6,7,7.86,267,13.5,6.31,195
ORD_000246,2023-11-19,SUP_005,PRD_0010,Electronics,North,111,180.69,5,6,3.55,263,7.3,12.79,104
ORD_000247,2023-03-04,SUP_001,PRD_0022,Pharma,West,212,100.23,4,8,3.06,873,12.0,3.61,67
ORD_000248,2023-05-21,SUP_003,PRD_0005,Pharma,Central,135,130.16,11,12,3.99,1127,29.8,1.77,118
ORD_000249,2023-03-12,SUP_015,PRD_0068,Apparel,Central,19,197.9,16,16,6.26,735,29.8,11.83,108
ORD_000250,2023-10-17,SUP_005,PRD_0024,Electronics,East,122,7.8,19,19,6.49,575,5.4,14.88,155
ORD_000251,2023-07-03,SUP_003,PRD_0013,Apparel,South,146,107.67,21,28,6.33,114,46.3,14.24,167
ORD_000252,2023-07-18,SUP_014,PRD_0023,Apparel,South,172,161.63,14,18,5.58,1211,3.6,10.66,165
ORD_000253,2023-10-16,SUP_004,PRD_0064,Pharma,East,99,99.11,7,8,0.72,476,36.9,0.79,142
ORD_000254,2023-01-01,SUP_004,PRD_0017,FMCG,South,175,13.79,13,17,1.18,1443,55.2,11.73,154
ORD_000255,2023-07-06,SUP_011,PRD_0051,Pharma,North,182,61.75,5,5,1.09,322,44.5,6.83,183
ORD_000256,2023-09-07,SUP_009,PRD_0089,Pharma,East,124,133.78,13,13,6.52,774,19.8,10.48,52
ORD_000257,2023-04-01,SUP_010,PRD_0051,Pharma,North,103,121.27,3,10,7.37,1252,14.8,8.7,147
ORD_000258,2023-03-14,SUP_004,PRD_0045,FMCG,South,55,164.69,13,15,5.36,1493,53.4,6.98,87
ORD_000259,2023-04-18,SUP_006,PRD_0033,Electronics,North,34,78.42,10,12,5.86,340,53.3,7.65,116
ORD_000260,2023-06-29,SUP_014,PRD_0062,Pharma,South,93,91.35,20,20,6.39,68,19.1,5.12,46
ORD_000261,2023-02-07,SUP_007,PRD_0021,Electronics,Central,57,68.91,13,13,7.88,988,42.9,6.75,187
ORD_000262,2023-03-26,SUP_002,PRD_0043,Apparel,South,219,140.04,16,16,5.78,1494,33.3,10.08,96
ORD_000263,2023-05-02,SUP_010,PRD_0071,Industrial,South,37,73.44,6,5,3.42,603,49.8,9.56,142
ORD_000264,2023-04-13,SUP_003,PRD_0082,FMCG,North,252,169.07,6,5,2.47,814,29.3,13.48,87
ORD_000265,2023-02-16,SUP_006,PRD_0049,FMCG,South,238,10.83,20,20,3.52,539,15.1,4.39,35
ORD_000266,2023-03-19,SUP_006,PRD_0070,Industrial,Central,126,111.61,6,5,6.73,1070,26.3,8.26,141
ORD_000267,2023-10-21,SUP_002,PRD_0051,Electronics,Central,274,160.49,10,11,5.42,1270,10.6,14.26,134
ORD_000268,2023-03-30,SUP_013,PRD_0025,Apparel,North,226,17.52,8,15,5.47,413,59.8,9.59,172
ORD_000269,2023-05-13,SUP_015,PRD_0009,Electronics,West,294,80.68,13,17,2.61,565,32.1,13.8,23
ORD_000270,2023-12-25,SUP_007,PRD_0015,Industrial,South,85,114.19,21,22,4.66,205,55.6,8.66,45
ORD_000271,2023-05-27,SUP_015,PRD_0053,FMCG,West,258,115.26,20,24,3.78,352,18.0,2.59,175
ORD_000272,2023-12-15,SUP_015,PRD_0043,Apparel,North,253,184.33,15,14,7.18,41,21.6,12.01,99
ORD_000273,2023-05-24,SUP_011,PRD_0013,Apparel,South,163,194.9,18,22,3.54,657,17.6,6.54,185
ORD_000274,2023-02-15,SUP_015,PRD_0053,Industrial,Central,201,164.56,9,9,4.12,325,5.8,10.79,123
ORD_000275,2023-03-11,SUP_001,PRD_0023,Apparel,South,39,51.4,19,23,3.65,738,42.9,4.47,138
ORD_000276,2023-09-16,SUP_002,PRD_0088,Electronics,South,200,98.78,15,16,3.57,971,36.0,5.57,61
ORD_000277,2023-05-13,SUP_007,PRD_0007,Apparel,Central,119,171.71,5,5,5.18,1387,14.0,9.95,151
ORD_000278,2023-01-11,SUP_003,PRD_0083,Apparel,Central,14,46.31,3,4,4.87,625,43.3,10.79,90
ORD_000279,2023-08-05,SUP_008,PRD_0033,Apparel,West,164,136.08,15,19,6.59,813,35.9,0.61,189
ORD_000280,2023-07-11,SUP_010,PRD_0037,FMCG,North,256,14.64,20,21,7.91,1311,20.9,4.51,187
ORD_000281,2023-12-31,SUP_009,PRD_0098,Apparel,North,216,132.79,12,12,5.45,1477,3.5,7.71,95
ORD_000282,2023-05-13,SUP_012,PRD_0005,Pharma,Central,107,69.95,16,16,5.71,1405,33.0,11.88,191
ORD_000283,2023-07-03,SUP_003,PRD_0085,Pharma,South,160,21.33,19,19,1.02,529,44.1,8.61,66
ORD_000284,2023-12-15,SUP_004,PRD_0046,Apparel,East,225,158.04,13,14,2.65,533,36.0,7.22,50
ORD_000285,2023-08-29,SUP_010,PRD_0075,Pharma,North,251,178.11,4,8,4.0,1394,24.1,4.83,33
ORD_000286,2023-03-19,SUP_006,PRD_0053,Pharma,West,83,64.64,7,14,5.73,165,30.3,9.65,65
ORD_000287,2023-06-10,SUP_005,PRD_0027,Apparel,Central,91,98.94,4,3,6.11,180,9.5,6.79,129
ORD_000288,2023-07-26,SUP_007,PRD_0001,Electronics,Central,112,146.67,16,23,7.6,659,45.9,8.2,24
ORD_000289,2023-12-13,SUP_004,PRD_0029,FMCG,East,76,22.34,3,4,4.03,626,11.7,12.45,96
ORD_000290,2023-05-29,SUP_010,PRD_0068,FMCG,West,78,69.86,17,19,7.21,735,45.5,2.89,123
ORD_000291,2023-01-10,SUP_003,PRD_0028,Electronics,Central,268,35.46,10,10,2.93,1332,47.9,5.94,183
ORD_000292,2023-05-11,SUP_010,PRD_0007,Electronics,North,34,138.57,20,21,3.33,778,9.2,4.16,199
ORD_000293,2023-03-20,SUP_011,PRD_0002,FMCG,West,61,133.17,9,11,2.16,1240,42.6,6.57,46
ORD_000294,2023-09-19,SUP_013,PRD_0014,Industrial,South,112,156.04,6,6,6.65,413,22.8,6.44,61
ORD_000295,2023-01-21,SUP_004,PRD_0089,Industrial,East,130,2.54,20,21,5.37,226,50.4,10.2,58
ORD_000296,2023-02-16,SUP_012,PRD_0013,FMCG,South,243,197.76,19,18,2.37,950,4.9,12.29,30
ORD_000297,2023-05-29,SUP_006,PRD_0055,Electronics,North,33,3.92,14,16,1.11,1325,11.9,5.68,132
ORD_000298,2023-11-15,SUP_002,PRD_0048,FMCG,South,68,81.35,11,15,7.7,556,50.5,10.5,142
ORD_000299,2023-08-04,SUP_012,PRD_0093,Electronics,South,63,84.37,8,8,4.73,1165,41.3,3.13,117
ORD_000300,2023-07-03,SUP_015,PRD_0094,Apparel,West,259,24.36,3,7,3.29,94,5.7,10.0,23
ORD_000301,2023-12-27,SUP_010,PRD_0093,Pharma,South,183,104.78,19,21,5.51,1266,7.5,10.09,83
ORD_000302,2023-09-04,SUP_011,PRD_0050,Apparel,Central,37,4.31,14,15,7.47,1035,51.2,12.85,62
ORD_000303,2023-02-08,SUP_006,PRD_0036,Electronics,Central,124,111.0,18,18,3.03,481,6.6,6.94,166
ORD_000304,2023-08-18,SUP_008,PRD_0041,Electronics,West,19,22.32,5,9,3.3,1141,33.8,12.48,174
ORD_000305,2023-11-13,SUP_009,PRD_0027,Industrial,East,196,165.41,12,16,6.53,930,21.3,11.63,173
ORD_000306,2023-08-31,SUP_002,PRD_0013,Apparel,North,184,72.32,14,16,5.07,597,33.8,5.92,47
ORD_000307,2023-01-24,SUP_014,PRD_0092,Industrial,North,140,122.95,8,9,1.5,804,14.5,12.46,68
ORD_000308,2023-06-23,SUP_001,PRD_0082,Pharma,North,240,92.56,6,8,4.71,1032,9.8,7.73,155
ORD_000309,2023-01-25,SUP_014,PRD_0075,Industrial,Central,100,138.98,20,24,1.39,262,8.0,10.03,175
ORD_000310,2023-06-14,SUP_007,PRD_0078,Apparel,East,213,192.79,19,23,7.76,927,48.7,2.5,174
ORD_000311,2023-12-25,SUP_012,PRD_0071,FMCG,Central,121,41.78,19,19,4.99,595,41.8,13.86,53
ORD_000312,2023-12-30,SUP_012,PRD_0082,FMCG,North,190,113.33,8,9,4.66,1366,43.2,10.28,156
ORD_000313,2023-05-27,SUP_009,PRD_0014,Electronics,West,84,12.51,16,18,0.45,546,45.5,2.83,93
ORD_000314,2023-12-16,SUP_001,PRD_0089,FMCG,South,287,8.4,11,11,6.51,209,37.7,10.3,163
ORD_000315,2023-04-25,SUP_009,PRD_0090,FMCG,North,205,78.74,20,20,7.65,1403,20.1,8.51,23
ORD_000316,2023-05-09,SUP_013,PRD_0057,Apparel,East,289,148.21,9,10,1.57,1484,57.9,4.77,65
ORD_000317,2023-12-16,SUP_003,PRD_0095,Pharma,North,203,10.05,5,5,2.23,541,9.5,8.97,85
ORD_000318,2023-01-03,SUP_015,PRD_0020,Electronics,South,175,120.18,13,14,6.19,1280,37.7,10.1,145
ORD_000319,2023-10-21,SUP_013,PRD_0091,FMCG,Central,122,191.48,20,20,4.16,1034,11.2,8.37,123
ORD_000320,2023-02-17,SUP_004,PRD_0085,FMCG,East,194,60.13,14,14,7.6,1266,32.8,14.95,186
ORD_000321,2023-01-05,SUP_008,PRD_0031,Pharma,Central,134,191.86,6,8,5.46,657,24.1,12.04,49
ORD_000322,2023-07-17,SUP_005,PRD_0004,Pharma,East,273,160.96,11,12,3.56,89,19.2,9.95,102
ORD_000323,2023-09-21,SUP_003,PRD_0099,Pharma,Central,13,126.13,5,12,1.69,1289,46.9,13.04,128
ORD_000324,2023-02-23,SUP_012,PRD_0095,Industrial,North,88,6.7,9,10,5.73,77,7.1,1.29,84
ORD_000325,2023-10-13,SUP_004,PRD_0034,Industrial,West,240,126.78,5,6,3.46,34,24.6,2.22,21
ORD_000326,2023-11-25,SUP_010,PRD_0006,Electronics,East,267,23.01,5,7,6.3,617,37.2,4.58,132
ORD_000327,2023-07-15,SUP_001,PRD_0061,Apparel,Central,122,29.0,15,17,3.13,1117,19.1,9.69,96
ORD_000328,2023-12-13,SUP_001,PRD_0071,Pharma,South,73,10.27,14,21,4.58,807,33.2,14.23,98
ORD_000329,2023-04-18,SUP_015,PRD_0083,Pharma,South,92,38.43,14,14,4.94,517,13.3,3.13,165
ORD_000330,2023-01-28,SUP_009,PRD_0010,FMCG,North,138,21.44,20,21,5.8,997,57.2,5.68,191
ORD_000331,2023-12-02,SUP_010,PRD_0009,Apparel,East,258,91.23,10,9,4.93,626,42.2,2.71,165
ORD_000332,2023-07-06,SUP_003,PRD_0001,FMCG,South,123,143.02,13,20,5.13,566,50.7,2.45,104
ORD_000333,2023-09-03,SUP_013,PRD_0040,Industrial,Central,65,36.8,17,18,4.85,574,51.8,2.53,157
ORD_000334,2023-04-11,SUP_011,PRD_0010,Electronics,North,269,127.06,11,13,6.5,1185,25.5,9.06,29
ORD_000335,2023-10-10,SUP_009,PRD_0061,Apparel,East,210,46.21,11,12,6.18,595,9.8,7.77,43
ORD_000336,2023-07-23,SUP_011,PRD_0031,Pharma,South,273,29.79,14,15,1.27,1159,57.0,10.06,57
ORD_000337,2023-09-05,SUP_013,PRD_0063,Apparel,North,145,75.15,14,13,0.34,423,32.0,11.98,119
ORD_000338,2023-08-29,SUP_001,PRD_0084,FMCG,North,276,127.45,17,21,2.19,539,35.6,8.77,116
ORD_000339,2023-12-01,SUP_011,PRD_0010,Pharma,East,202,194.59,15,15,1.78,831,22.5,13.08,144
ORD_000340,2023-09-04,SUP_003,PRD_0057,Apparel,South,49,103.88,3,4,2.25,307,12.8,5.75,50
ORD_000341,2023-12-05,SUP_006,PRD_0093,Electronics,West,255,96.85,10,10,4.73,1325,50.3,0.83,31
ORD_000342,2023-03-07,SUP_003,PRD_0081,Pharma,North,85,13.07,21,22,2.07,368,32.0,6.38,164
ORD_000343,2023-11-23,SUP_012,PRD_0085,FMCG,North,120,90.94,3,7,7.94,986,11.9,12.54,173
ORD_000344,2023-03-15,SUP_003,PRD_0080,Pharma,East,95,145.39,21,23,2.74,928,36.6,1.5,116
ORD_000345,2023-07-17,SUP_004,PRD_0067,Pharma,West,86,121.89,7,6,1.42,1259,36.8,13.23,156
ORD_000346,2023-09-15,SUP_011,PRD_0017,Pharma,Central,10,179.6,6,5,6.2,1329,27.0,6.6,31
ORD_000347,2023-12-24,SUP_013,PRD_0062,Industrial,East,60,86.25,19,19,2.04,476,54.8,1.72,173
ORD_000348,2023-10-06,SUP_001,PRD_0091,Electronics,Central,277,25.33,16,16,0.06,1340,13.9,12.16,124
ORD_000349,2023-07-05,SUP_011,PRD_0075,FMCG,East,284,85.87,6,6,2.93,564,59.5,6.26,72
ORD_000350,2023-07-31,SUP_008,PRD_0023,FMCG,Central,294,97.78,20,22,7.91,1183,22.0,10.73,55
ORD_000351,2023-12-04,SUP_008,PRD_0090,Apparel,North,119,102.65,6,8,6.29,1127,37.6,10.43,33
ORD_000352,2023-03-24,SUP_001,PRD_0012,Apparel,West,232,19.45,15,22,2.1,759,6.6,1.05,118
ORD_000353,2023-07-25,SUP_010,PRD_0008,Apparel,West,234,4.12,19,19,6.8,1061,18.6,0.99,173
ORD_000354,2023-09-19,SUP_010,PRD_0022,Electronics,East,132,131.69,19,21,7.81,177,59.8,11.81,110
ORD_000355,2023-12-09,SUP_004,PRD_0067,Electronics,North,56,110.82,15,15,5.81,1145,55.1,5.55,90
ORD_000356,2023-04-26,SUP_007,PRD_0074,Electronics,East,99,82.61,9,10,0.85,148,31.2,5.43,49
ORD_000357,2023-09-20,SUP_014,PRD_0074,FMCG,West,203,113.51,11,15,6.16,695,57.8,7.15,137
ORD_000358,2023-10-28,SUP_005,PRD_0009,Industrial,South,127,160.43,3,4,3.3,723,32.0,0.64,87
ORD_000359,2023-05-08,SUP_011,PRD_0096,FMCG,North,293,186.42,12,11,3.81,724,14.7,8.82,66
ORD_000360,2023-12-16,SUP_004,PRD_0031,Apparel,East,115,47.38,9,10,6.68,1266,22.6,11.79,50
ORD_000361,2023-02-10,SUP_013,PRD_0070,Electronics,West,200,124.89,18,19,3.94,1176,52.4,7.62,150
ORD_000362,2023-05-24,SUP_010,PRD_0017,Electronics,Central,226,96.71,15,15,4.33,1029,22.1,12.98,64
ORD_000363,2023-08-23,SUP_008,PRD_0041,Electronics,North,117,77.13,6,8,0.81,740,37.5,4.27,160
ORD_000364,2023-05-15,SUP_010,PRD_0044,FMCG,South,265,85.94,10,10,3.35,762,23.2,6.31,135
ORD_000365,2023-04-03,SUP_010,PRD_0088,Apparel,North,148,161.21,21,21,4.44,780,13.4,12.1,58
ORD_000366,2023-08-31,SUP_008,PRD_0018,Pharma,Central,171,157.5,3,3,2.4,1151,51.8,1.19,45
ORD_000367,2023-12-20,SUP_014,PRD_0033,Industrial,North,240,149.43,8,7,2.08,737,34.5,14.01,85
ORD_000368,2023-06-26,SUP_006,PRD_0087,Pharma,South,285,36.56,3,3,6.24,727,20.9,7.9,134
ORD_000369,2023-02-10,SUP_008,PRD_0081,Apparel,South,182,85.52,15,16,4.9,828,51.2,1.53,61
ORD_000370,2023-06-25,SUP_011,PRD_0038,FMCG,Central,212,55.71,10,10,3.56,743,45.4,8.05,135
ORD_000371,2023-07-31,SUP_001,PRD_0017,Apparel,East,50,43.69,8,8,3.18,195,5.7,13.24,160
ORD_000372,2023-01-28,SUP_009,PRD_0098,Electronics,North,144,124.38,3,5,0.67,798,19.9,4.09,92
ORD_000373,2023-08-15,SUP_014,PRD_0022,Electronics,North,192,172.35,7,7,2.6,975,29.1,13.13,89
ORD_000374,2023-10-08,SUP_012,PRD_0070,Apparel,Central,243,126.95,17,17,5.09,1155,27.2,9.78,156
ORD_000375,2023-06-08,SUP_004,PRD_0012,Industrial,East,197,83.62,14,15,1.25,21,2.0,12.32,54
ORD_000376,2023-06-26,SUP_001,PRD_0089,Industrial,West,163,3.81,12,13,3.44,599,36.6,12.05,160
ORD_000377,2023-07-11,SUP_009,PRD_0056,Industrial,South,93,143.56,9,9,5.17,774,14.8,1.65,180
ORD_000378,2023-05-03,SUP_015,PRD_0079,FMCG,East,282,162.14,19,21,3.3,140,12.6,4.7,183
ORD_000379,2023-08-22,SUP_010,PRD_0063,Apparel,East,19,32.13,17,17,7.76,45,12.8,1.98,88
ORD_000380,2023-03-06,SUP_004,PRD_0012,Apparel,North,262,45.0,17,19,3.36,1020,59.9,7.22,28
ORD_000381,2023-06-19,SUP_003,PRD_0008,FMCG,West,46,109.55,5,9,1.45,512,49.4,12.51,51
ORD_000382,2024-01-01,SUP_008,PRD_0032,Electronics,South,245,147.59,10,10,0.75,1363,59.0,7.36,194
ORD_000383,2023-06-09,SUP_012,PRD_0006,Pharma,Central,72,52.16,13,13,5.11,406,22.9,1.26,190
ORD_000384,2023-04-22,SUP_007,PRD_0042,Electronics,South,151,117.77,6,6,3.17,497,2.5,1.11,196
ORD_000385,2023-09-01,SUP_002,PRD_0032,Apparel,West,56,137.82,7,7,2.71,1280,5.5,5.66,59
ORD_000386,2023-12-26,SUP_003,PRD_0063,Apparel,East,295,158.14,20,22,6.05,898,44.5,0.81,116
ORD_000387,2023-07-03,SUP_001,PRD_0063,Industrial,Central,160,109.46,7,7,3.92,1160,12.8,5.54,139
ORD_000388,2023-05-21,SUP_009,PRD_0020,Industrial,East,144,109.24,20,20,3.63,1306,31.3,11.14,24
ORD_000389,2023-11-14,SUP_004,PRD_0042,Electronics,Central,208,39.59,14,16,5.47,1129,10.9,4.61,124
ORD_000390,2023-11-25,SUP_009,PRD_0085,Electronics,North,76,37.37,13,12,0.25,219,30.2,1.93,166
ORD_000391,2023-11-25,SUP_009,PRD_0080,Pharma,East,35,74.54,15,16,4.85,145,2.8,13.86,187
ORD_000392,2023-09-09,SUP_011,PRD_0008,FMCG,Central,222,164.76,5,6,6.35,119,49.8,4.35,30
ORD_000393,2023-02-06,SUP_004,PRD_0067,Electronics,North,128,107.27,12,11,1.52,1077,40.1,8.77,65
ORD_000394,2023-10-13,SUP_002,PRD_0099,Pharma,East,244,141.1,20,20,3.42,213,11.7,3.12,122
ORD_000395,2023-09-16,SUP_009,PRD_0077,Industrial,East,171,110.92,13,14,7.97,761,25.9,9.68,102
ORD_000396,2023-11-08,SUP_004,PRD_0049,Pharma,East,194,192.41,10,11,3.58,813,2.0,1.0,92
ORD_000397,2023-11-02,SUP_015,PRD_0039,Electronics,East,123,44.53,3,4,2.52,1412,49.7,13.83,150
ORD_000398,2023-10-12,SUP_003,PRD_0013,Electronics,West,192,32.91,21,25,2.12,1192,16.5,4.22,96
ORD_000399,2023-02-17,SUP_015,PRD_0028,Electronics,East,257,36.23,21,21,6.61,1412,42.8,12.38,44
ORD_000400,2023-11-01,SUP_013,PRD_0074,Industrial,North,38,184.53,12,11,2.68,889,26.2,13.08,78
ORD_000401,2023-12-01,SUP_011,PRD_0049,Electronics,East,278,10.15,3,4,4.32,306,21.0,10.62,59
ORD_000402,2023-01-26,SUP_013,PRD_0077,Pharma,Central,56,45.97,15,22,2.32,807,10.6,5.37,141
ORD_000403,2023-10-20,SUP_005,PRD_0011,Industrial,Central,232,155.22,4,5,1.04,276,29.9,3.37,121
ORD_000404,2023-11-30,SUP_010,PRD_0095,Pharma,South,134,16.19,21,21,6.21,662,41.7,8.85,48
ORD_000405,2023-12-10,SUP_006,PRD_0025,FMCG,East,22,154.4,16,16,1.35,716,37.7,14.86,133
ORD_000406,2023-11-16,SUP_015,PRD_0030,Apparel,East,89,152.03,7,7,6.82,230,44.9,4.02,178
ORD_000407,2023-03-17,SUP_012,PRD_0015,FMCG,West,251,6.5,12,11,1.67,1101,14.3,8.42,86
ORD_000408,2023-10-08,SUP_003,PRD_0089,Electronics,West,279,10.61,18,19,1.36,581,13.6,10.6,89
ORD_000409,2023-01-28,SUP_001,PRD_0009,Industrial,East,194,173.13,17,18,0.15,1329,24.4,14.71,150
ORD_000410,2023-12-30,SUP_008,PRD_0077,Pharma,North,105,41.38,6,10,7.73,1148,55.7,0.81,83
ORD_000411,2023-09-29,SUP_007,PRD_0096,Apparel,North,187,137.49,12,12,2.84,619,15.7,14.68,148
ORD_000412,2023-05-22,SUP_015,PRD_0050,Electronics,Central,153,46.67,4,5,2.73,804,40.1,1.77,117
ORD_000413,2023-09-24,SUP_010,PRD_0020,Industrial,East,178,90.94,10,10,1.05,1336,10.0,8.35,71
ORD_000414,2023-03-12,SUP_015,PRD_0068,Apparel,West,84,131.93,12,14,4.52,323,20.4,8.58,50
ORD_000415,2023-04-05,SUP_003,PRD_0094,Electronics,East,221,192.32,13,17,2.43,1304,56.1,4.47,68
ORD_000416,2023-02-24,SUP_013,PRD_0079,Pharma,East,300,123.25,7,7,4.77,472,41.9,5.71,196
ORD_000417,2023-09-02,SUP_010,PRD_0061,FMCG,South,208,99.31,7,8,1.1,395,15.1,6.42,23
ORD_000418,2023-05-19,SUP_011,PRD_0026,Apparel,North,100,185.57,16,16,7.89,1263,30.4,5.21,137
ORD_000419,2023-05-07,SUP_001,PRD_0078,Industrial,East,211,123.08,16,16,5.94,1216,33.1,9.8,200
ORD_000420,2023-01-20,SUP_008,PRD_0006,Apparel,Central,285,80.33,19,18,5.88,1142,24.5,11.59,32
ORD_000421,2023-04-08,SUP_015,PRD_0039,FMCG,West,95,85.65,12,12,4.91,111,42.0,13.6,138
ORD_000422,2023-11-27,SUP_009,PRD_0015,Apparel,Central,289,28.79,17,16,3.31,923,3.4,7.08,71
ORD_000423,2023-08-21,SUP_012,PRD_0084,Apparel,North,56,24.6,5,5,3.6,743,6.9,10.76,150
ORD_000424,2023-11-10,SUP_007,PRD_0006,Apparel,East,299,174.52,8,8,6.9,332,52.4,3.09,33
ORD_000425,2023-08-03,SUP_013,PRD_0058,FMCG,South,70,179.91,12,12,7.68,7,38.1,4.17,137
ORD_000426,2023-09-12,SUP_001,PRD_0078,Industrial,South,121,118.59,18,19,3.81,839,27.6,9.22,21
ORD_000427,2023-05-06,SUP_011,PRD_0072,Apparel,North,104,31.35,20,20,5.23,75,10.4,0.97,167
ORD_000428,2023-11-05,SUP_002,PRD_0007,Electronics,West,101,33.94,12,12,2.28,1353,42.1,9.13,163
ORD_000429,2023-04-01,SUP_006,PRD_0005,Electronics,East,175,74.98,17,19,3.03,138,46.0,12.73,36
ORD_000430,2023-05-30,SUP_012,PRD_0036,FMCG,Central,221,105.88,18,18,5.57,1253,5.4,8.78,181
ORD_000431,2023-09-28,SUP_012,PRD_0078,FMCG,West,172,53.41,5,6,4.6,1276,22.5,2.38,164
ORD_000432,2023-09-12,SUP_008,PRD_0064,Apparel,Central,129,142.3,19,21,7.83,3,8.9,7.24,50
ORD_000433,2023-04-17,SUP_006,PRD_0045,Pharma,South,15,128.84,16,16,5.52,521,47.8,4.96,149
ORD_000434,2023-10-09,SUP_002,PRD_0088,FMCG,East,212,145.43,13,15,4.93,59,50.3,3.31,106
ORD_000435,2023-12-11,SUP_013,PRD_0005,Apparel,West,89,126.19,18,22,7.14,1099,54.0,7.21,125
ORD_000436,2023-01-29,SUP_012,PRD_0087,FMCG,Central,284,5.71,19,19,4.62,679,48.4,13.38,110
ORD_000437,2023-02-03,SUP_001,PRD_0044,Industrial,Central,94,115.05,7,7,3.12,1218,8.8,11.84,98
ORD_000438,2023-12-28,SUP_005,PRD_0053,Electronics,West,131,75.57,13,15,6.64,619,14.5,4.88,48
ORD_000439,2023-07-11,SUP_015,PRD_0012,Industrial,Central,22,160.21,4,6,7.24,315,13.0,13.89,154
ORD_000440,2023-06-08,SUP_014,PRD_0013,Pharma,South,115,145.46,13,13,3.67,1461,52.2,2.18,99
ORD_000441,2023-01-23,SUP_015,PRD_0006,Electronics,Central,169,6.45,5,5,6.07,1308,53.7,5.15,69
ORD_000442,2023-05-27,SUP_013,PRD_0057,Electronics,East,86,33.18,11,12,0.92,1275,34.5,1.98,158
ORD_000443,2023-06-29,SUP_003,PRD_0091,FMCG,Central,135,35.91,20,20,2.49,693,33.4,1.24,27
ORD_000444,2023-08-30,SUP_001,PRD_0012,Industrial,West,101,141.53,4,3,7.13,1289,50.5,10.64,177
ORD_000445,2023-07-02,SUP_004,PRD_0092,Pharma,North,248,114.42,12,12,0.74,1430,29.2,7.11,195
ORD_000446,2023-11-26,SUP_004,PRD_0019,Pharma,East,196,79.63,17,18,5.6,1362,21.2,12.98,103
ORD_000447,2023-08-21,SUP_008,PRD_0015,FMCG,West,246,169.46,18,17,2.26,713,37.1,2.35,46
ORD_000448,2023-07-27,SUP_011,PRD_0010,FMCG,Central,246,81.36,6,6,3.31,1271,16.1,2.81,143
ORD_000449,2023-07-16,SUP_014,PRD_0089,Pharma,West,232,114.31,5,5,2.74,1421,15.7,10.11,39
ORD_000450,2023-12-31,SUP_002,PRD_0076,Pharma,West,176,111.91,21,25,6.58,360,19.9,6.38,173
ORD_000451,2023-02-25,SUP_011,PRD_0085,Electronics,North,121,163.77,15,15,7.1,1302,49.0,11.48,189
ORD_000452,2023-03-18,SUP_007,PRD_0079,Pharma,West,110,42.72,17,18,7.02,613,35.1,13.74,97
ORD_000453,2023-08-11,SUP_010,PRD_0002,Pharma,Central,216,169.83,14,21,6.82,127,23.4,8.46,33
ORD_000454,2023-01-01,SUP_006,PRD_0015,FMCG,North,130,87.48,20,22,4.72,1280,20.5,6.05,117
ORD_000455,2023-08-11,SUP_003,PRD_0061,Apparel,South,294,78.15,20,20,7.4,854,10.9,14.96,191
ORD_000456,2023-03-06,SUP_011,PRD_0003,Apparel,West,233,195.05,7,6,1.09,281,39.3,6.53,136
ORD_000457,2023-12-23,SUP_008,PRD_0066,Industrial,Central,240,78.17,16,17,1.81,869,37.1,8.88,80
ORD_000458,2023-12-31,SUP_015,PRD_0070,Pharma,East,27,195.69,19,19,4.55,1443,23.4,8.91,196
ORD_000459,2023-02-10,SUP_009,PRD_0097,FMCG,West,274,17.49,7,9,7.12,181,16.2,9.64,189
ORD_000460,2023-12-09,SUP_009,PRD_0075,FMCG,Central,37,180.91,5,7,4.28,22,29.2,7.93,140
ORD_000461,2023-10-21,SUP_013,PRD_0038,FMCG,South,28,139.62,13,13,4.78,622,44.2,8.67,35
ORD_000462,2023-11-19,SUP_010,PRD_0007,FMCG,Central,23,58.79,18,19,0.66,1035,6.5,11.86,84
ORD_000463,2023-03-09,SUP_005,PRD_0002,Electronics,Central,99,182.21,11,11,5.91,1349,27.9,12.21,86
ORD_000464,2023-12-25,SUP_013,PRD_0068,Electronics,East,53,193.53,10,11,4.76,315,50.6,11.42,125
ORD_000465,2023-07-16,SUP_012,PRD_0082,Apparel,South,186,12.76,10,11,2.12,237,5.0,7.23,141
ORD_000466,2023-06-04,SUP_013,PRD_0069,Apparel,West,209,95.97,18,20,1.16,890,2.7,13.94,134
ORD_000467,2023-07-15,SUP_011,PRD_0006,Electronics,Central,191,191.32,13,20,3.45,1335,51.8,5.36,88
ORD_000468,2023-02-20,SUP_007,PRD_0060,Apparel,Central,109,104.95,11,12,5.42,368,20.2,0.65,22
ORD_000469,2023-02-04,SUP_009,PRD_0014,Industrial,East,122,145.6,3,3,2.02,69,3.4,1.83,172
ORD_000470,2023-12-03,SUP_011,PRD_0016,Electronics,North,76,76.44,9,16,6.11,1326,34.8,14.52,48
ORD_000471,2023-12-23,SUP_008,PRD_0085,Electronics,West,151,154.33,8,8,5.54,1367,46.7,5.19,61
ORD_000472,2023-02-07,SUP_007,PRD_0050,FMCG,North,142,191.21,11,13,2.12,902,6.0,14.7,71
ORD_000473,2023-11-09,SUP_008,PRD_0014,Apparel,Central,230,45.24,15,15,5.15,904,43.5,2.0,38
ORD_000474,2023-02-06,SUP_013,PRD_0058,Electronics,West,86,131.27,21,23,0.01,77,40.5,4.36,199
ORD_000475,2023-06-18,SUP_009,PRD_0091,Industrial,West,233,81.97,15,16,5.82,143,33.3,0.55,196
ORD_000476,2023-09-04,SUP_015,PRD_0046,FMCG,East,215,12.93,6,7,7.98,1325,7.3,8.25,107
ORD_000477,2023-02-11,SUP_005,PRD_0083,Apparel,South,293,9.79,17,19,3.07,391,19.3,6.16,47
ORD_000478,2023-11-19,SUP_015,PRD_0081,Industrial,South,81,9.07,14,15,0.2,1214,15.8,6.14,158
ORD_000479,2023-11-26,SUP_014,PRD_0058,Electronics,North,183,13.1,12,13,6.3,87,25.5,3.57,187
ORD_000480,2023-12-08,SUP_011,PRD_0069,Apparel,Central,129,185.11,19,20,0.3,289,30.4,0.78,178
ORD_000481,2023-01-24,SUP_003,PRD_0002,Apparel,North,167,164.51,10,12,0.78,1251,11.9,9.07,47
ORD_000482,2023-02-28,SUP_010,PRD_0029,Electronics,South,228,68.79,18,19,6.69,1389,25.3,2.25,195
ORD_000483,2023-10-22,SUP_014,PRD_0028,Electronics,Central,98,68.43,20,20,0.97,289,45.9,2.94,114
ORD_000484,2023-10-11,SUP_015,PRD_0075,Electronics,South,61,158.63,8,8,5.06,770,47.1,0.73,144
ORD_000485,2023-02-11,SUP_015,PRD_0012,Pharma,East,223,139.31,3,2,6.34,974,42.2,3.49,183
ORD_000486,2023-05-19,SUP_004,PRD_0023,Pharma,North,102,144.01,19,20,4.9,180,38.4,11.85,109
ORD_000487,2023-08-03,SUP_004,PRD_0016,Pharma,North,195,172.82,3,4,7.89,1039,14.7,11.67,188
ORD_000488,2023-04-17,SUP_002,PRD_0020,Industrial,West,100,33.63,11,10,7.38,110,39.4,4.63,131
ORD_000489,2023-05-09,SUP_015,PRD_0098,Industrial,North,63,148.6,13,14,7.4,360,11.2,0.92,151
ORD_000490,2023-03-01,SUP_012,PRD_0057,Pharma,Central,176,84.98,5,9,5.98,667,15.3,2.1,78
ORD_000491,2023-02-20,SUP_014,PRD_0026,Industrial,South,47,95.26,10,12,3.88,892,10.4,13.95,136
ORD_000492,2023-04-02,SUP_008,PRD_0093,Apparel,East,148,42.04,15,15,1.02,1417,35.0,4.57,48
ORD_000493,2023-08-27,SUP_013,PRD_0044,Apparel,East,90,158.33,17,17,5.1,1252,54.5,8.88,161
ORD_000494,2023-04-28,SUP_009,PRD_0063,Apparel,Central,252,167.72,5,5,2.23,1495,26.8,13.15,83
ORD_000495,2023-06-17,SUP_015,PRD_0076,Apparel,Central,12,84.72,16,17,0.35,963,44.5,7.81,128
ORD_000496,2023-09-29,SUP_013,PRD_0090,Electronics,West,263,49.62,15,16,4.47,25,42.2,6.4,75
ORD_000497,2023-03-09,SUP_011,PRD_0012,Electronics,West,166,34.04,14,14,3.67,1168,45.3,0.85,136
ORD_000498,2023-08-26,SUP_007,PRD_0024,FMCG,West,10,172.36,7,11,0.57,1414,21.3,0.97,129
ORD_000499,2023-05-19,SUP_004,PRD_0088,Electronics,Central,181,147.68,20,21,0.44,1381,23.1,1.25,118
ORD_000500,2023-07-07,SUP_006,PRD_0047,Apparel,Central,44,113.03,17,18,6.19,283,58.9,3.96,49
ORD_000501,2023-11-29,SUP_013,PRD_0075,Apparel,South,174,71.84,18,20,2.14,1393,26.5,1.29,115
ORD_000502,2023-06-26,SUP_009,PRD_0016,Industrial,Central,282,180.09,17,18,3.62,753,48.4,14.21,36
ORD_000503,2023-04-07,SUP_007,PRD_0023,FMCG,North,65,34.62,17,16,0.9,303,30.8,13.19,153
ORD_000504,2023-11-18,SUP_011,PRD_0070,Apparel,West,187,85.19,3,3,5.9,43,18.9,1.41,79
ORD_000505,2023-09-24,SUP_006,PRD_0084,FMCG,West,281,168.7,13,13,3.56,622,34.9,13.53,98
ORD_000506,2023-03-29,SUP_006,PRD_0037,Electronics,South,190,58.31,11,11,7.65,1266,55.6,10.82,93
ORD_000507,2023-04-04,SUP_012,PRD_0086,Apparel,South,131,25.15,8,12,7.95,1176,9.3,4.28,67
ORD_000508,2023-04-16,SUP_011,PRD_0041,FMCG,South,200,90.79,20,22,7.8,1092,19.5,13.85,123
ORD_000509,2023-09-13,SUP_015,PRD_0041,Apparel,North,289,195.17,7,14,2.65,1444,19.1,13.49,166
ORD_000510,2023-12-08,SUP_012,PRD_0057,FMCG,North,255,180.23,7,9,1.12,1128,8.8,0.86,178
ORD_000511,2023-04-23,SUP_006,PRD_0008,Pharma,South,279,45.98,17,17,7.49,569,13.4,1.71,134
ORD_000512,2023-12-13,SUP_007,PRD_0025,Industrial,East,271,188.79,5,12,7.27,739,25.1,10.88,129
ORD_000513,2023-07-09,SUP_005,PRD_0045,FMCG,East,238,175.11,15,15,0.7,1490,53.5,11.25,126
ORD_000514,2023-08-15,SUP_012,PRD_0055,Industrial,South,54,30.44,12,12,2.43,1075,59.2,1.46,171
ORD_000515,2023-07-12,SUP_011,PRD_0035,Industrial,South,294,93.5,5,4,4.54,280,13.6,12.57,94
ORD_000516,2023-10-11,SUP_014,PRD_0039,Pharma,East,262,112.74,18,17,3.71,54,47.9,2.73,96
ORD_000517,2023-11-24,SUP_011,PRD_0037,Industrial,South,261,181.55,18,18,5.16,58,8.9,4.52,37
ORD_000518,2023-11-03,SUP_010,PRD_0056,FMCG,West,71,75.89,14,15,5.86,35,51.0,2.86,34
ORD_000519,2023-03-16,SUP_012,PRD_0018,FMCG,South,37,55.99,13,14,3.36,729,4.8,4.73,183
ORD_000520,2023-02-09,SUP_011,PRD_0024,Electronics,Central,95,109.66,19,19,6.98,1402,48.4,4.44,198
ORD_000521,2023-12-19,SUP_010,PRD_0046,Apparel,North,80,104.6,14,13,2.98,993,25.9,13.85,61
ORD_000522,2023-02-22,SUP_004,PRD_0025,Pharma,Central,279,169.52,9,9,5.7,1438,45.9,2.15,137
ORD_000523,2023-02-09,SUP_015,PRD_0003,Industrial,East,169,138.83,6,8,1.11,905,53.6,9.17,107
ORD_000524,2023-03-30,SUP_014,PRD_0016,Apparel,South,82,138.23,12,11,2.46,429,9.6,1.64,196
ORD_000525,2023-02-27,SUP_008,PRD_0097,Industrial,North,110,23.35,5,4,6.34,1051,36.4,7.3,84
ORD_000526,2023-01-23,SUP_001,PRD_0097,Electronics,North,115,118.35,5,5,1.6,1373,22.4,1.82,91
ORD_000527,2023-10-24,SUP_014,PRD_0065,Pharma,South,268,114.91,14,14,0.79,1184,46.3,8.17,69
ORD_000528,2023-05-25,SUP_009,PRD_0001,Electronics,South,268,170.56,8,12,3.8,1429,36.2,6.88,47
ORD_000529,2023-04-03,SUP_007,PRD_0028,Pharma,South,218,24.34,14,21,7.88,253,29.0,8.04,146
ORD_000530,2023-07-04,SUP_001,PRD_0011,FMCG,West,69,78.19,12,13,3.66,638,41.8,12.7,77
ORD_000531,2023-10-11,SUP_014,PRD_0055,Apparel,North,253,187.94,16,16,2.94,26,59.9,7.63,46
ORD_000532,2023-07-22,SUP_011,PRD_0011,Electronics,South,212,81.32,17,18,4.72,208,45.0,13.44,63
ORD_000533,2023-02-03,SUP_006,PRD_0026,Pharma,West,72,48.11,14,21,3.4,1022,18.2,10.85,168
ORD_000534,2023-10-31,SUP_013,PRD_0083,Industrial,East,253,134.0,11,13,7.6,992,31.7,2.64,136
ORD_000535,2023-02-25,SUP_008,PRD_0030,Apparel,North,60,148.08,6,6,6.64,1020,41.3,14.6,117
ORD_000536,2023-11-06,SUP_010,PRD_0080,Electronics,North,276,153.98,13,13,6.34,413,19.0,7.72,149
ORD_000537,2023-05-14,SUP_014,PRD_0070,Pharma,North,26,198.16,20,20,7.04,243,24.3,5.06,116
ORD_000538,2023-08-15,SUP_003,PRD_0072,FMCG,South,261,87.27,17,16,2.5,796,30.3,2.09,192
ORD_000539,2023-09-09,SUP_010,PRD_0061,Industrial,Central,90,102.32,20,22,3.13,1013,36.3,5.98,193
ORD_000540,2023-06-30,SUP_001,PRD_0076,Electronics,South,197,71.08,12,12,5.94,55,46.4,9.56,117
ORD_000541,2023-02-19,SUP_006,PRD_0053,FMCG,North,135,51.03,16,16,5.18,1213,6.9,10.48,98
ORD_000542,2023-02-28,SUP_009,PRD_0042,Electronics,West,226,114.47,13,13,7.21,546,3.2,7.31,25
ORD_000543,2023-06-12,SUP_006,PRD_0074,Electronics,West,61,138.79,15,16,1.65,1017,31.2,11.59,106
ORD_000544,2023-03-27,SUP_007,PRD_0026,Industrial,North,284,44.39,12,12,2.12,608,59.8,6.33,77
ORD_000545,2023-11-16,SUP_010,PRD_0013,Pharma,East,149,15.32,5,7,6.41,973,26.8,5.54,39
ORD_000546,2023-11-30,SUP_005,PRD_0056,Pharma,East,112,84.03,12,13,2.01,1055,28.3,11.57,66
ORD_000547,2023-01-10,SUP_010,PRD_0064,Apparel,West,147,187.56,19,23,4.26,1258,51.5,13.65,164
ORD_000548,2023-11-17,SUP_006,PRD_0060,Apparel,South,87,149.79,4,5,6.12,891,25.8,12.97,36
ORD_000549,2023-11-21,SUP_005,PRD_0037,Apparel,East,130,82.36,9,13,0.91,393,3.6,12.06,99
ORD_000550,2023-08-26,SUP_007,PRD_0055,Electronics,South,91,56.0,18,19,0.23,568,40.2,3.05,30
ORD_000551,2023-09-06,SUP_015,PRD_0011,FMCG,Central,162,173.7,3,2,7.2,833,54.0,10.24,43
ORD_000552,2023-07-23,SUP_010,PRD_0095,Pharma,North,277,133.51,7,7,4.64,1075,16.6,13.33,80
ORD_000553,2023-11-04,SUP_006,PRD_0043,Pharma,West,130,187.23,6,8,1.74,218,12.2,14.56,132
ORD_000554,2023-07-29,SUP_001,PRD_0063,Pharma,East,67,64.67,11,15,3.39,1398,16.3,4.53,57
ORD_000555,2023-07-05,SUP_014,PRD_0040,Electronics,Central,27,168.61,18,20,5.3,111,42.1,11.94,81
ORD_000556,2023-05-10,SUP_011,PRD_0090,FMCG,North,283,173.66,20,20,6.86,795,2.5,14.43,85
ORD_000557,2023-06-04,SUP_013,PRD_0031,FMCG,South,92,183.35,5,9,5.05,1319,25.6,0.99,40
ORD_000558,2023-09-09,SUP_015,PRD_0043,Industrial,North,92,140.3,18,20,4.05,720,26.4,11.07,160
ORD_000559,2023-06-17,SUP_013,PRD_0007,Apparel,West,79,2.61,17,19,1.6,625,20.2,1.69,60
ORD_000560,2023-05-08,SUP_013,PRD_0084,Apparel,Central,220,158.94,19,21,2.56,979,52.7,2.44,64
ORD_000561,2023-12-18,SUP_013,PRD_0037,Apparel,North,222,74.78,21,23,3.15,772,56.8,13.32,77
ORD_000562,2023-01-11,SUP_011,PRD_0079,Apparel,North,246,41.26,3,7,5.61,345,4.9,9.46,173
ORD_000563,2023-05-14,SUP_006,PRD_0022,Pharma,North,17,144.28,7,6,3.48,929,50.0,7.67,77
ORD_000564,2024-01-01,SUP_014,PRD_0035,FMCG,West,205,27.78,9,9,6.85,1228,14.5,12.45,193
ORD_000565,2023-04-07,SUP_013,PRD_0019,Electronics,East,144,48.63,16,16,3.61,508,23.4,10.42,137
ORD_000566,2023-02-13,SUP_014,PRD_0042,Industrial,South,206,142.27,3,4,5.89,524,6.2,8.58,33
ORD_000567,2023-06-20,SUP_006,PRD_0078,Pharma,North,12,52.22,10,11,4.96,619,58.7,10.23,53
ORD_000568,2023-10-14,SUP_005,PRD_0022,Pharma,West,183,175.82,4,5,1.06,649,43.2,6.78,86
ORD_000569,2023-03-01,SUP_003,PRD_0064,FMCG,East,230,58.02,13,12,7.02,1255,50.1,13.94,152
ORD_000570,2023-06-10,SUP_006,PRD_0095,Industrial,South,294,170.9,16,20,5.26,901,5.1,2.66,78
ORD_000571,2023-04-04,SUP_003,PRD_0091,Industrial,West,69,199.05,4,5,7.42,83,27.6,14.84,163
ORD_000572,2023-09-06,SUP_014,PRD_0093,Apparel,North,188,20.53,17,18,6.95,369,50.4,11.37,89
ORD_000573,2023-10-16,SUP_001,PRD_0068,Pharma,South,223,184.24,21,21,1.97,1020,41.3,13.37,26
ORD_000574,2023-05-26,SUP_010,PRD_0014,FMCG,South,24,18.05,6,6,6.65,1350,29.8,9.61,88
ORD_000575,2023-11-01,SUP_001,PRD_0084,Pharma,West,176,189.59,3,3,8.0,1165,9.5,13.02,184
ORD_000576,2023-05-25,SUP_012,PRD_0010,Pharma,Central,205,20.33,13,15,2.04,491,58.0,13.05,42
ORD_000577,2023-01-11,SUP_013,PRD_0052,FMCG,South,71,61.11,9,9,6.41,635,54.4,9.25,111
ORD_000578,2023-12-07,SUP_009,PRD_0026,Industrial,West,208,96.34,6,8,4.5,866,7.2,6.63,114
ORD_000579,2023-11-11,SUP_007,PRD_0012,Electronics,Central,184,194.71,8,8,5.41,1326,41.8,2.75,146
ORD_000580,2023-09-27,SUP_008,PRD_0056,Electronics,West,163,31.42,19,18,1.02,615,50.8,8.08,95
ORD_000581,2023-10-19,SUP_015,PRD_0006,Pharma,North,271,86.13,4,5,0.76,1353,43.8,12.29,110
ORD_000582,2023-05-11,SUP_009,PRD_0003,Electronics,West,101,157.66,21,20,6.74,92,6.8,13.21,96
ORD_000583,2023-06-10,SUP_013,PRD_0086,Industrial,Central,145,69.58,21,23,7.34,383,14.2,1.63,174
ORD_000584,2023-05-13,SUP_001,PRD_0001,Industrial,North,16,36.0,6,6,3.82,1416,25.5,10.04,174
ORD_000585,2023-09-07,SUP_010,PRD_0047,Industrial,East,54,26.77,12,13,0.11,229,49.3,10.59,68
ORD_000586,2023-01-14,SUP_003,PRD_0084,Apparel,West,285,39.8,9,10,2.41,949,10.6,6.62,49
ORD_000587,2023-03-27,SUP_008,PRD_0063,Industrial,North,240,117.87,7,9,1.61,1166,50.1,6.18,105
ORD_000588,2023-01-05,SUP_012,PRD_0056,Industrial,West,293,199.81,6,7,0.3,818,30.2,9.07,176
ORD_000589,2023-12-14,SUP_001,PRD_0068,Electronics,West,171,111.54,18,18,2.14,1327,26.2,7.36,146
ORD_000590,2023-11-15,SUP_007,PRD_0003,Apparel,East,108,94.91,14,15,3.5,1039,14.7,13.68,106
ORD_000591,2023-11-05,SUP_005,PRD_0093,Industrial,West,194,159.6,17,17,6.4,331,38.1,4.6,42
ORD_000592,2023-12-08,SUP_004,PRD_0021,Pharma,West,61,159.11,18,18,7.54,1011,19.6,3.54,32
ORD_000593,2023-01-10,SUP_006,PRD_0087,Apparel,South,267,8.33,14,18,0.51,881,8.6,3.79,163
ORD_000594,2023-04-25,SUP_006,PRD_0046,Electronics,Central,146,179.47,18,18,6.83,1055,37.0,2.01,32
ORD_000595,2023-08-13,SUP_013,PRD_0015,Electronics,Central,62,165.07,17,24,0.34,215,11.7,2.21,72
ORD_000596,2023-07-05,SUP_012,PRD_0057,Pharma,West,60,32.55,8,10,2.91,282,9.1,3.43,126
ORD_000597,2023-01-04,SUP_008,PRD_0044,FMCG,Central,97,18.88,10,14,2.98,849,22.9,10.14,58
ORD_000598,2023-09-29,SUP_003,PRD_0055,Industrial,West,244,190.46,16,18,4.13,1397,23.0,0.93,57
ORD_000599,2023-01-06,SUP_002,PRD_0044,FMCG,West,94,87.95,19,23,3.15,75,40.3,9.8,167
ORD_000600,2023-01-30,SUP_007,PRD_0052,Pharma,East,170,182.03,19,26,0.06,572,54.2,9.35,57
ORD_000601,2023-12-25,SUP_004,PRD_0070,Pharma,Central,236,140.1,15,16,7.1,1328,25.5,3.36,97
ORD_000602,2023-02-13,SUP_007,PRD_0093,Apparel,Central,286,58.22,4,5,0.74,1130,20.1,5.44,182
ORD_000603,2023-03-23,SUP_013,PRD_0070,Pharma,East,133,166.78,3,2,2.43,865,59.2,2.1,35
ORD_000604,2023-07-10,SUP_006,PRD_0016,Electronics,North,239,61.0,11,12,5.89,928,21.7,3.92,168
ORD_000605,2023-10-17,SUP_004,PRD_0045,FMCG,East,81,143.44,20,24,4.16,507,8.1,7.99,69
ORD_000606,2023-07-04,SUP_012,PRD_0055,Industrial,North,57,14.31,17,16,7.11,975,14.5,1.63,193
ORD_000607,2023-09-27,SUP_009,PRD_0100,Industrial,East,265,128.02,15,16,7.97,1411,56.0,7.6,126
ORD_000608,2023-03-25,SUP_008,PRD_0092,Industrial,South,272,172.93,7,8,0.94,435,28.4,0.97,60
ORD_000609,2023-10-14,SUP_002,PRD_0078,Industrial,North,71,75.18,14,18,2.32,1070,10.9,5.89,115
ORD_000610,2023-06-05,SUP_013,PRD_0019,Apparel,Central,225,11.63,12,13,7.15,580,14.5,12.38,145
ORD_000611,2023-01-02,SUP_002,PRD_0006,Industrial,West,168,114.02,6,7,7.2,772,29.6,10.94,175
ORD_000612,2023-03-09,SUP_008,PRD_0098,Industrial,West,86,173.54,7,8,2.6,1279,40.5,6.44,79
ORD_000613,2023-07-22,SUP_011,PRD_0057,FMCG,North,94,142.03,13,14,4.58,1448,19.9,9.85,184
ORD_000614,2023-10-14,SUP_010,PRD_0070,Pharma,North,277,39.5,5,5,3.81,38,9.0,14.07,66
ORD_000615,2023-01-10,SUP_004,PRD_0091,Pharma,West,53,161.77,11,13,4.85,822,36.2,7.63,25
ORD_000616,2023-06-24,SUP_001,PRD_0068,FMCG,West,141,20.02,16,16,7.84,1109,11.8,2.59,85
ORD_000617,2023-02-15,SUP_007,PRD_0087,Apparel,North,176,37.93,7,7,5.71,610,24.6,5.14,125
ORD_000618,2023-06-15,SUP_014,PRD_0016,Electronics,South,132,150.92,11,11,4.69,1009,31.5,7.81,49
ORD_000619,2023-05-18,SUP_009,PRD_0053,Electronics,West,24,82.68,4,4,1.87,38,17.6,14.47,192
ORD_000620,2023-02-21,SUP_011,PRD_0017,FMCG,Central,218,90.3,10,12,6.77,1024,13.8,14.53,115
ORD_000621,2023-10-04,SUP_009,PRD_0055,Pharma,West,31,2.2,8,10,3.72,1271,18.8,14.6,20
ORD_000622,2023-01-31,SUP_005,PRD_0088,Industrial,East,118,117.86,18,18,4.08,93,11.4,8.24,37
ORD_000623,2023-06-03,SUP_002,PRD_0018,Pharma,East,231,43.75,5,5,4.04,651,53.3,14.21,182
ORD_000624,2023-05-14,SUP_011,PRD_0042,FMCG,South,245,191.88,17,17,2.63,1416,9.8,13.87,175
ORD_000625,2023-09-01,SUP_011,PRD_0023,Industrial,Central,260,152.97,3,7,4.31,1329,39.8,8.31,191
ORD_000626,2023-08-16,SUP_014,PRD_0049,Pharma,East,208,37.08,6,6,6.14,1427,59.1,2.31,114
ORD_000627,2023-04-09,SUP_012,PRD_0003,FMCG,East,108,19.81,17,16,4.91,620,48.9,3.71,146
ORD_000628,2023-07-05,SUP_015,PRD_0091,Pharma,South,13,40.83,4,4,6.57,811,8.4,4.52,148
ORD_000629,2023-09-10,SUP_011,PRD_0095,Pharma,Central,299,36.75,8,9,4.71,133,9.4,14.04,78
ORD_000630,2023-09-25,SUP_011,PRD_0003,Pharma,Central,139,136.77,11,11,7.06,4,56.4,9.79,186
ORD_000631,2023-01-27,SUP_007,PRD_0036,Electronics,Central,248,100.12,13,13,4.14,89,53.3,3.76,91
ORD_000632,2023-08-04,SUP_001,PRD_0051,Apparel,East,51,176.26,20,21,6.46,462,58.7,6.65,39
ORD_000633,2023-05-08,SUP_005,PRD_0009,Electronics,North,255,87.53,9,9,0.19,1282,56.2,12.69,83
ORD_000634,2023-02-25,SUP_006,PRD_0007,FMCG,Central,131,188.82,18,18,6.21,1268,27.4,1.89,134
ORD_000635,2023-10-24,SUP_001,PRD_0005,Industrial,East,43,156.96,6,5,0.5,905,5.2,9.36,130
ORD_000636,2023-02-03,SUP_009,PRD_0007,FMCG,West,215,20.97,6,8,6.02,477,52.1,11.92,179
ORD_000637,2023-01-06,SUP_013,PRD_0055,Pharma,Central,61,69.24,17,17,7.5,53,28.3,5.26,69
ORD_000638,2023-02-25,SUP_012,PRD_0009,Pharma,South,74,128.2,6,5,2.05,862,29.9,9.5,67
ORD_000639,2023-05-05,SUP_001,PRD_0017,FMCG,Central,233,103.6,7,9,5.21,732,20.0,13.34,57
ORD_000640,2023-03-17,SUP_006,PRD_0038,FMCG,North,275,118.12,18,18,5.43,117,15.8,12.38,163
ORD_000641,2023-01-28,SUP_004,PRD_0082,Apparel,North,184,39.49,16,16,3.81,1416,59.0,9.2,104
ORD_000642,2023-10-24,SUP_010,PRD_0039,Industrial,East,93,22.76,21,28,7.01,86,30.8,13.84,183
ORD_000643,2023-04-25,SUP_004,PRD_0031,Industrial,East,202,42.65,10,11,1.47,13,23.0,1.57,27
ORD_000644,2023-10-12,SUP_008,PRD_0025,Pharma,East,32,195.11,6,6,1.59,581,12.1,13.34,64
ORD_000645,2023-06-23,SUP_004,PRD_0003,Apparel,East,61,6.16,20,20,5.42,776,40.0,13.33,106
ORD_000646,2023-04-18,SUP_006,PRD_0048,Apparel,Central,232,175.92,12,13,0.52,295,53.2,2.4,68
ORD_000647,2023-04-09,SUP_006,PRD_0041,Pharma,West,135,184.36,20,20,6.1,1202,13.0,8.26,58
ORD_000648,2023-06-17,SUP_013,PRD_0036,Apparel,Central,260,43.43,10,9,0.65,963,47.9,9.42,62
ORD_000649,2023-09-18,SUP_011,PRD_0097,Pharma,East,265,104.74,15,17,1.43,1459,23.7,10.57,146
ORD_000650,2023-08-31,SUP_011,PRD_0075,Electronics,South,122,179.19,11,12,3.62,480,25.0,4.94,116
ORD_000651,2023-10-20,SUP_006,PRD_0033,Pharma,North,78,150.82,8,12,2.36,1062,22.4,8.97,139
ORD_000652,2023-09-20,SUP_008,PRD_0056,Industrial,East,264,64.77,13,13,3.06,367,27.6,4.35,39
ORD_000653,2023-07-03,SUP_009,PRD_0066,Pharma,North,151,185.47,5,5,0.79,146,22.9,8.42,105
ORD_000654,2023-04-11,SUP_012,PRD_0099,FMCG,South,80,199.68,13,13,6.02,1112,54.9,0.62,96
ORD_000655,2023-05-25,SUP_007,PRD_0052,Pharma,North,251,131.51,14,16,7.91,305,52.2,3.8,73
ORD_000656,2023-08-31,SUP_013,PRD_0071,Industrial,West,184,158.8,10,11,2.5,384,26.9,14.16,126
ORD_000657,2023-04-18,SUP_009,PRD_0004,FMCG,South,75,62.5,17,18,5.9,1023,49.0,12.6,106
ORD_000658,2023-04-26,SUP_013,PRD_0052,Pharma,East,176,118.22,16,16,4.54,65,55.5,2.73,104
ORD_000659,2023-10-18,SUP_007,PRD_0027,Industrial,North,283,78.51,21,25,3.8,673,35.0,7.05,97
ORD_000660,2023-02-17,SUP_009,PRD_0023,Electronics,Central,260,7.31,8,7,1.59,790,18.5,3.88,188
ORD_000661,2023-09-26,SUP_006,PRD_0067,Electronics,South,177,172.22,5,6,3.29,321,59.4,2.37,127
ORD_000662,2023-09-02,SUP_015,PRD_0027,Apparel,South,168,87.58,5,5,5.68,972,11.2,8.84,99
ORD_000663,2023-10-28,SUP_011,PRD_0059,FMCG,South,13,198.23,9,10,3.57,817,37.1,4.08,104
ORD_000664,2023-10-19,SUP_010,PRD_0006,Electronics,East,243,70.66,18,19,6.74,609,24.7,12.44,64
ORD_000665,2023-08-01,SUP_010,PRD_0094,Industrial,West,206,182.34,10,10,1.47,1164,7.5,10.63,31
ORD_000666,2023-05-03,SUP_011,PRD_0069,FMCG,North,121,181.93,8,8,3.29,1132,9.0,5.85,46
ORD_000667,2023-09-16,SUP_003,PRD_0033,Apparel,Central,32,93.51,13,13,0.59,1422,41.2,7.2,107
ORD_000668,2023-07-24,SUP_001,PRD_0033,Electronics,South,177,134.72,9,9,3.71,944,6.0,8.45,82
ORD_000669,2024-01-01,SUP_014,PRD_0036,Apparel,South,19,122.18,17,17,1.42,254,33.0,6.17,39
ORD_000670,2023-12-10,SUP_003,PRD_0057,FMCG,South,120,143.45,3,5,7.14,1090,14.5,10.6,182
ORD_000671,2023-09-25,SUP_005,PRD_0057,Electronics,Central,12,11.64,6,6,3.02,413,55.9,5.93,81
ORD_000672,2023-04-13,SUP_001,PRD_0002,FMCG,South,42,45.67,5,4,7.06,1360,11.7,2.92,126
ORD_000673,2023-09-20,SUP_006,PRD_0072,Apparel,Central,116,187.0,6,8,3.16,876,9.0,3.6,111
ORD_000674,2023-06-15,SUP_011,PRD_0041,Electronics,West,118,92.84,8,7,0.53,570,39.7,5.85,37
ORD_000675,2023-04-22,SUP_010,PRD_0064,Electronics,Central,97,51.88,16,16,0.76,664,58.9,10.6,193
ORD_000676,2023-12-22,SUP_011,PRD_0098,FMCG,West,44,68.35,7,7,4.87,1198,28.0,7.91,79
ORD_000677,2023-09-15,SUP_001,PRD_0030,Electronics,Central,73,63.15,21,23,5.9,498,37.9,1.37,115
ORD_000678,2023-09-13,SUP_007,PRD_0027,Electronics,South,237,148.37,12,12,2.63,569,20.4,11.91,30
ORD_000679,2023-09-24,SUP_005,PRD_0097,Electronics,South,179,69.86,16,17,1.65,110,54.6,10.14,83
ORD_000680,2023-12-18,SUP_007,PRD_0067,FMCG,South,236,126.7,10,11,0.52,1006,6.1,3.29,182
ORD_000681,2023-03-14,SUP_003,PRD_0076,Pharma,South,130,102.47,9,9,3.41,956,20.1,10.96,82
ORD_000682,2023-08-06,SUP_005,PRD_0037,Pharma,West,113,55.83,8,9,6.25,163,57.2,5.71,116
ORD_000683,2023-03-27,SUP_009,PRD_0079,Industrial,South,256,5.92,18,18,3.05,170,46.0,13.86,172
ORD_000684,2023-10-03,SUP_003,PRD_0033,Industrial,West,166,91.81,7,8,3.0,1241,29.9,5.33,140
ORD_000685,2023-04-11,SUP_001,PRD_0002,Pharma,East,261,82.1,7,11,3.33,808,58.3,5.91,145
ORD_000686,2023-06-07,SUP_015,PRD_0005,Electronics,West,299,34.15,21,20,6.1,522,46.7,11.4,109
ORD_000687,2023-09-18,SUP_006,PRD_0090,Electronics,West,227,147.66,18,19,1.94,70,55.4,5.74,200
ORD_000688,2023-12-13,SUP_011,PRD_0019,FMCG,Central,243,188.96,3,5,1.18,506,36.9,14.3,61
ORD_000689,2023-01-07,SUP_011,PRD_0092,Industrial,West,51,104.67,6,8,1.51,866,11.6,6.69,197
ORD_000690,2023-06-04,SUP_011,PRD_0049,Pharma,East,220,150.99,19,26,7.39,182,8.3,8.8,108
ORD_000691,2023-03-15,SUP_015,PRD_0096,Industrial,East,13,197.43,11,13,6.53,3,7.6,11.72,126
ORD_000692,2023-09-26,SUP_012,PRD_0056,Apparel,South,201,38.91,16,17,1.07,996,12.6,14.25,135
ORD_000693,2023-10-18,SUP_001,PRD_0096,Apparel,South,142,196.62,9,9,6.97,902,38.4,9.55,182
ORD_000694,2023-03-27,SUP_007,PRD_0016,FMCG,North,185,7.87,5,5,1.88,993,41.0,1.96,35
ORD_000695,2023-05-17,SUP_013,PRD_0006,Electronics,South,277,158.77,3,4,3.01,1065,59.2,11.54,144
ORD_000696,2023-08-31,SUP_006,PRD_0048,FMCG,East,132,188.32,13,14,5.32,775,37.4,14.64,104
ORD_000697,2023-02-21,SUP_012,PRD_0052,Apparel,North,72,174.06,3,4,2.24,1432,45.6,4.1,135
ORD_000698,2023-11-13,SUP_011,PRD_0025,Electronics,East,18,127.49,18,19,6.99,666,41.3,3.89,144
ORD_000699,2023-07-24,SUP_015,PRD_0061,Electronics,West,160,122.22,5,5,5.7,1065,52.8,11.88,149
ORD_000700,2023-01-17,SUP_002,PRD_0039,Pharma,West,96,179.49,7,8,7.64,987,40.4,3.99,74
ORD_000701,2023-03-29,SUP_012,PRD_0004,Apparel,East,206,153.73,5,4,1.76,527,40.6,14.3,191
ORD_000702,2023-03-05,SUP_011,PRD_0093,Industrial,North,180,174.64,7,11,7.45,1230,5.8,5.48,117
ORD_000703,2023-12-01,SUP_007,PRD_0030,Apparel,East,69,59.61,20,27,0.89,696,45.0,14.09,49
ORD_000704,2023-10-21,SUP_006,PRD_0049,Pharma,North,169,14.25,14,14,4.28,794,58.8,5.13,113
ORD_000705,2023-12-14,SUP_010,PRD_0076,Apparel,North,212,3.82,7,8,6.82,647,10.4,14.17,76
ORD_000706,2023-09-13,SUP_005,PRD_0019,Electronics,Central,173,63.16,17,17,7.92,252,17.9,12.79,166
ORD_000707,2023-09-02,SUP_012,PRD_0049,Electronics,East,88,165.92,9,10,1.68,1500,56.2,3.76,33
ORD_000708,2023-04-02,SUP_005,PRD_0085,Apparel,North,290,79.67,18,20,3.38,969,59.4,11.49,120
ORD_000709,2023-02-06,SUP_005,PRD_0090,Apparel,Central,211,21.27,19,21,2.59,1188,52.2,1.28,97
ORD_000710,2023-08-23,SUP_008,PRD_0090,Industrial,East,84,43.53,8,9,6.43,400,44.6,0.63,167
ORD_000711,2023-02-22,SUP_007,PRD_0087,Apparel,North,59,72.41,7,7,3.79,107,8.8,7.97,106
ORD_000712,2023-10-31,SUP_011,PRD_0093,Industrial,South,27,25.52,16,23,3.17,619,41.9,14.34,187
ORD_000713,2023-07-12,SUP_014,PRD_0084,Industrial,East,237,74.73,5,7,0.96,169,9.1,9.8,150
ORD_000714,2023-04-26,SUP_010,PRD_0062,FMCG,North,102,78.02,3,4,8.0,1439,27.2,8.79,45
ORD_000715,2023-06-16,SUP_014,PRD_0069,Apparel,West,20,79.97,5,7,6.54,1085,30.3,8.02,169
ORD_000716,2023-10-03,SUP_004,PRD_0085,Electronics,South,102,3.05,6,8,3.58,643,9.1,2.37,72
ORD_000717,2023-12-01,SUP_005,PRD_0097,Electronics,North,73,102.22,8,7,2.91,1114,12.0,14.67,188
ORD_000718,2023-01-01,SUP_009,PRD_0038,Pharma,West,81,116.26,10,10,5.56,1070,54.8,14.95,175
ORD_000719,2023-10-03,SUP_002,PRD_0085,Electronics,South,28,39.24,19,19,2.4,440,57.5,9.23,75
ORD_000720,2023-10-30,SUP_012,PRD_0080,Industrial,North,291,52.48,14,14,3.05,334,25.2,1.71,85
ORD_000721,2023-12-13,SUP_003,PRD_0069,Apparel,North,147,199.08,16,20,5.57,394,43.4,8.67,185
ORD_000722,2023-09-19,SUP_003,PRD_0041,Industrial,West,23,192.88,8,8,1.98,553,9.2,2.09,160
ORD_000723,2023-07-28,SUP_002,PRD_0047,FMCG,East,84,174.03,5,5,1.81,20,7.7,14.7,76
ORD_000724,2023-07-13,SUP_002,PRD_0023,Pharma,East,260,20.92,6,8,2.79,1171,52.2,8.5,175
ORD_000725,2023-02-20,SUP_013,PRD_0050,Apparel,East,282,111.23,4,4,7.06,824,29.7,2.35,22
ORD_000726,2023-12-18,SUP_011,PRD_0017,Apparel,West,300,147.61,19,21,0.42,1485,39.1,5.87,83
ORD_000727,2023-12-14,SUP_003,PRD_0057,FMCG,West,267,58.79,16,18,7.62,1066,56.6,13.28,78
ORD_000728,2023-06-06,SUP_007,PRD_0099,FMCG,North,50,17.19,5,12,1.92,191,11.6,1.33,93
ORD_000729,2023-10-11,SUP_001,PRD_0055,Pharma,South,255,100.57,18,20,5.48,1386,53.5,10.62,123
ORD_000730,2023-01-08,SUP_012,PRD_0001,Industrial,Central,186,50.36,9,13,5.91,1081,41.7,1.11,134
ORD_000731,2023-03-28,SUP_003,PRD_0010,FMCG,South,273,71.95,19,23,0.41,1014,24.0,5.91,48
ORD_000732,2023-06-23,SUP_014,PRD_0099,Electronics,East,163,97.66,10,12,2.12,4,44.8,8.75,75
ORD_000733,2023-06-06,SUP_001,PRD_0060,Pharma,West,39,72.44,19,21,4.92,672,19.3,2.05,109
ORD_000734,2023-04-06,SUP_002,PRD_0056,Industrial,South,53,106.76,15,15,7.19,841,9.2,7.57,59
ORD_000735,2023-12-03,SUP_007,PRD_0048,FMCG,East,229,178.65,11,11,4.29,551,8.3,6.86,132
ORD_000736,2023-03-24,SUP_007,PRD_0001,FMCG,South,66,39.53,7,7,0.32,808,26.4,5.3,28
ORD_000737,2023-03-24,SUP_011,PRD_0035,Electronics,West,260,110.92,9,16,6.4,1462,9.4,11.39,122
ORD_000738,2023-09-14,SUP_002,PRD_0003,Apparel,South,186,101.0,15,15,6.14,484,5.0,12.53,129
ORD_000739,2023-11-02,SUP_005,PRD_0037,Industrial,North,229,51.05,3,3,1.22,1047,12.8,4.58,49
ORD_000740,2023-05-15,SUP_007,PRD_0026,Industrial,North,267,123.0,10,11,1.51,1210,38.5,2.66,50
ORD_000741,2023-03-09,SUP_004,PRD_0019,Industrial,North,112,20.01,15,14,0.41,834,32.4,10.65,79
ORD_000742,2023-04-24,SUP_001,PRD_0066,Industrial,North,165,23.79,13,13,2.91,718,43.3,4.08,32
ORD_000743,2023-04-04,SUP_011,PRD_0096,FMCG,South,156,95.47,4,3,7.27,206,27.0,4.16,145
ORD_000744,2023-07-06,SUP_002,PRD_0086,Electronics,Central,76,67.58,13,13,5.93,740,45.1,9.04,174
ORD_000745,2023-07-10,SUP_004,PRD_0075,Industrial,North,64,27.84,10,11,5.94,246,4.4,14.54,187
ORD_000746,2023-04-08,SUP_015,PRD_0013,Electronics,Central,185,61.69,9,11,3.79,413,32.9,2.73,52
ORD_000747,2023-04-09,SUP_005,PRD_0098,Pharma,East,197,90.8,16,17,5.74,893,5.9,6.58,148
ORD_000748,2023-01-12,SUP_012,PRD_0017,FMCG,North,299,14.04,8,9,7.78,389,45.0,6.26,195
ORD_000749,2023-09-30,SUP_003,PRD_0057,Pharma,West,297,156.32,19,26,3.21,556,14.0,0.55,166
ORD_000750,2023-04-22,SUP_015,PRD_0066,Industrial,Central,278,53.25,21,23,6.82,606,43.1,8.51,63
ORD_000751,2023-04-25,SUP_005,PRD_0006,Apparel,East,78,55.55,4,5,6.32,1315,58.8,14.85,73
ORD_000752,2023-10-01,SUP_006,PRD_0081,Pharma,East,176,18.48,6,5,5.64,1124,17.3,2.44,176
ORD_000753,2023-05-31,SUP_011,PRD_0002,FMCG,South,153,36.99,13,20,7.77,1100,40.1,13.09,169
ORD_000754,2023-02-24,SUP_005,PRD_0081,Pharma,Central,115,163.74,15,22,1.77,550,13.8,9.63,121
ORD_000755,2023-03-21,SUP_012,PRD_0056,FMCG,South,255,20.55,17,17,1.45,378,49.3,3.05,165
ORD_000756,2023-09-09,SUP_001,PRD_0040,Apparel,South,211,138.1,8,9,1.5,293,6.2,4.06,185
ORD_000757,2023-07-26,SUP_003,PRD_0094,Electronics,Central,61,76.82,6,8,0.17,27,46.3,9.84,31
ORD_000758,2023-03-09,SUP_005,PRD_0019,Pharma,North,14,191.61,10,12,0.85,693,51.5,1.73,55
ORD_000759,2023-09-03,SUP_014,PRD_0021,FMCG,East,255,32.59,21,25,0.45,1417,17.5,8.38,25
ORD_000760,2023-01-23,SUP_002,PRD_0066,Industrial,South,10,182.61,6,7,0.19,874,24.4,5.62,93
ORD_000761,2023-04-26,SUP_012,PRD_0015,Industrial,South,66,46.46,15,17,7.65,577,22.7,9.43,50
ORD_000762,2023-07-04,SUP_010,PRD_0020,Apparel,West,281,68.3,5,9,1.45,870,10.7,10.18,97
ORD_000763,2023-11-16,SUP_002,PRD_0035,Industrial,East,145,162.52,12,12,5.69,156,47.8,12.99,58
ORD_000764,2023-12-02,SUP_007,PRD_0058,Industrial,North,67,116.41,7,7,7.68,570,10.4,5.18,52
ORD_000765,2023-04-04,SUP_008,PRD_0055,Industrial,West,180,29.37,15,15,7.55,503,24.2,8.47,157
ORD_000766,2023-10-01,SUP_014,PRD_0030,Industrial,North,225,106.34,18,19,6.21,449,42.8,3.91,20
ORD_000767,2023-04-15,SUP_008,PRD_0018,Electronics,North,188,73.45,3,3,6.79,285,19.1,2.59,161
ORD_000768,2023-08-04,SUP_004,PRD_0008,Apparel,North,83,76.74,10,10,0.21,869,23.6,10.67,189
ORD_000769,2023-10-25,SUP_010,PRD_0021,Electronics,South,197,29.97,5,6,1.96,25,35.0,12.3,58
ORD_000770,2023-04-04,SUP_012,PRD_0068,FMCG,West,220,145.07,18,20,3.55,1320,42.3,4.66,59
ORD_000771,2023-01-31,SUP_003,PRD_0065,Apparel,North,212,166.87,4,5,5.44,930,34.1,12.53,166
ORD_000772,2023-09-14,SUP_007,PRD_0021,FMCG,North,277,76.76,12,14,7.61,433,25.2,1.31,120
ORD_000773,2023-04-05,SUP_002,PRD_0089,Industrial,West,170,131.23,20,21,3.24,779,11.6,12.15,185
ORD_000774,2023-08-06,SUP_002,PRD_0010,FMCG,Central,181,7.55,9,9,2.26,1109,8.2,3.57,22
ORD_000775,2023-06-08,SUP_011,PRD_0005,Apparel,East,53,195.38,9,10,4.52,1154,59.2,7.52,32
ORD_000776,2023-06-11,SUP_001,PRD_0046,FMCG,West,266,40.59,5,9,6.01,1486,22.6,2.38,192
ORD_000777,2023-02-19,SUP_012,PRD_0065,Electronics,Central,86,6.69,13,13,6.37,976,36.0,12.85,94
ORD_000778,2023-03-24,SUP_002,PRD_0081,Electronics,South,120,161.88,7,9,5.23,1471,11.3,14.47,152
ORD_000779,2023-11-08,SUP_006,PRD_0058,Apparel,East,158,73.34,19,23,6.85,882,4.3,10.84,194
ORD_000780,2023-07-18,SUP_010,PRD_0078,Electronics,South,300,126.3,10,10,3.98,30,10.3,13.12,160
ORD_000781,2023-02-14,SUP_006,PRD_0022,FMCG,South,44,57.46,18,17,2.91,182,6.1,10.8,137
ORD_000782,2023-05-13,SUP_013,PRD_0057,Apparel,North,259,9.84,18,25,6.87,821,25.7,9.49,194
ORD_000783,2023-03-08,SUP_014,PRD_0080,FMCG,East,52,137.08,17,17,4.05,538,52.9,14.87,30
ORD_000784,2023-11-14,SUP_004,PRD_0090,Pharma,North,89,170.91,4,6,2.33,324,35.1,12.88,77
ORD_000785,2023-07-18,SUP_006,PRD_0060,Industrial,Central,248,23.61,17,19,1.44,221,55.2,13.88,130
ORD_000786,2023-04-13,SUP_006,PRD_0044,Pharma,West,118,141.05,15,15,3.81,570,28.4,8.4,140
ORD_000787,2023-03-16,SUP_001,PRD_0077,Industrial,North,195,158.33,9,9,7.83,437,5.1,13.09,195
ORD_000788,2023-08-05,SUP_003,PRD_0011,Apparel,North,150,82.2,11,11,2.39,1458,28.2,6.59,74
ORD_000789,2023-12-09,SUP_001,PRD_0012,Industrial,East,162,34.58,11,11,2.79,858,29.9,8.26,61
ORD_000790,2023-12-23,SUP_012,PRD_0074,Industrial,North,297,157.05,16,16,4.78,159,43.9,8.89,57
ORD_000791,2023-06-15,SUP_015,PRD_0059,Apparel,West,172,24.49,13,12,7.76,832,17.2,10.97,135
ORD_000792,2023-03-06,SUP_010,PRD_0013,Electronics,South,106,85.19,17,18,4.37,340,36.9,3.63,73
ORD_000793,2023-04-08,SUP_006,PRD_0047,Electronics,East,167,101.41,21,28,6.94,1432,30.9,14.99,125
ORD_000794,2023-07-30,SUP_009,PRD_0055,Pharma,East,68,185.42,14,14,3.67,764,12.3,9.13,158
ORD_000795,2023-08-12,SUP_011,PRD_0089,Industrial,East,60,199.08,15,15,6.45,212,7.2,0.74,125
ORD_000796,2023-02-23,SUP_010,PRD_0070,Electronics,West,267,117.08,18,20,0.26,593,51.4,3.57,136
ORD_000797,2023-10-10,SUP_014,PRD_0061,Electronics,East,247,83.76,15,15,6.56,1441,47.5,6.24,115
ORD_000798,2023-04-25,SUP_015,PRD_0085,FMCG,East,222,135.31,19,19,0.03,849,3.9,0.88,115
ORD_000799,2023-09-23,SUP_010,PRD_0056,Apparel,Central,210,40.15,13,13,5.16,105,48.5,8.88,52
ORD_000800,2023-11-22,SUP_003,PRD_0052,FMCG,Central,91,88.61,15,22,0.8,258,31.2,9.66,120
ORD_000801,2023-11-18,SUP_003,PRD_0042,Apparel,North,57,7.08,11,15,0.09,1215,10.9,9.46,159
ORD_000802,2023-02-10,SUP_012,PRD_0094,Apparel,West,193,38.94,21,21,5.22,454,19.2,8.26,82
ORD_000803,2023-07-13,SUP_005,PRD_0011,Apparel,North,62,23.96,11,12,7.42,251,8.2,4.6,66
ORD_000804,2023-02-17,SUP_006,PRD_0027,Industrial,North,261,159.5,5,6,3.31,996,57.6,1.61,195
ORD_000805,2023-08-03,SUP_011,PRD_0058,Apparel,South,162,4.01,15,19,1.43,1161,38.6,12.89,50
ORD_000806,2023-06-25,SUP_010,PRD_0077,Pharma,North,91,105.31,14,15,2.04,249,13.2,0.93,25
ORD_000807,2023-09-23,SUP_004,PRD_0047,Electronics,South,25,66.85,19,21,1.76,1490,42.1,2.34,90
ORD_000808,2023-09-04,SUP_006,PRD_0091,Pharma,East,249,149.55,9,16,3.97,1049,56.9,13.87,84
ORD_000809,2023-03-30,SUP_015,PRD_0092,FMCG,West,62,117.56,9,11,6.13,638,11.6,3.48,144
ORD_000810,2023-08-10,SUP_012,PRD_0035,FMCG,Central,65,122.24,17,17,3.43,1161,22.5,13.52,36
ORD_000811,2023-08-19,SUP_009,PRD_0033,Pharma,West,160,121.57,8,12,7.02,1086,22.4,0.93,66
ORD_000812,2023-06-15,SUP_006,PRD_0032,Electronics,South,200,75.65,16,18,6.24,250,2.6,10.48,104
ORD_000813,2023-04-20,SUP_006,PRD_0030,Pharma,North,207,58.16,17,18,1.7,445,8.0,4.53,175
ORD_000814,2023-12-10,SUP_011,PRD_0054,Industrial,East,173,41.23,5,6,0.4,1011,30.9,14.86,127
ORD_000815,2023-03-03,SUP_010,PRD_0042,Pharma,West,131,116.13,6,7,2.28,1318,47.4,8.85,21
ORD_000816,2023-08-25,SUP_007,PRD_0005,Pharma,Central,30,68.8,12,12,0.13,962,7.5,12.14,97
ORD_000817,2023-05-21,SUP_007,PRD_0011,Pharma,East,262,123.24,13,15,3.15,1426,59.1,7.65,184
ORD_000818,2023-03-04,SUP_002,PRD_0004,Apparel,North,15,29.47,14,18,7.95,1408,44.0,3.78,42
ORD_000819,2023-04-08,SUP_009,PRD_0001,Electronics,East,32,23.94,14,16,7.58,153,17.3,10.47,117
ORD_000820,2023-05-19,SUP_010,PRD_0059,Electronics,South,173,172.66,8,12,6.02,846,38.9,10.19,153
ORD_000821,2023-09-28,SUP_011,PRD_0063,FMCG,East,257,46.71,10,11,2.11,606,43.3,5.62,82
ORD_000822,2023-12-04,SUP_002,PRD_0064,Electronics,South,16,134.76,9,11,3.75,788,12.9,2.02,73
ORD_000823,2023-10-30,SUP_006,PRD_0098,FMCG,West,88,169.87,19,20,0.85,266,14.7,5.77,135
ORD_000824,2023-11-14,SUP_007,PRD_0025,Electronics,East,226,34.51,19,19,2.46,1182,39.6,2.64,47
ORD_000825,2023-02-26,SUP_008,PRD_0024,FMCG,North,253,133.05,10,9,3.62,543,8.9,8.48,110
ORD_000826,2023-08-09,SUP_009,PRD_0056,Pharma,East,37,89.39,9,9,2.96,100,39.6,11.11,128
ORD_000827,2023-04-10,SUP_003,PRD_0077,FMCG,Central,262,104.69,12,12,0.87,102,39.5,14.41,76
ORD_000828,2023-02-28,SUP_010,PRD_0035,Apparel,North,282,22.0,4,8,1.81,1270,42.6,6.37,120
ORD_000829,2023-02-21,SUP_015,PRD_0089,FMCG,West,115,35.86,10,12,1.63,1304,18.7,9.15,20
ORD_000830,2023-02-18,SUP_012,PRD_0080,Industrial,East,132,35.71,8,9,5.45,341,12.9,13.55,56
ORD_000831,2023-01-07,SUP_001,PRD_0023,FMCG,North,97,136.48,18,18,6.82,1216,22.4,7.37,20
ORD_000832,2023-09-08,SUP_001,PRD_0003,Pharma,East,126,106.0,10,11,1.34,300,47.0,1.95,105
ORD_000833,2023-08-20,SUP_009,PRD_0033,Industrial,East,196,92.83,18,20,6.62,616,43.2,13.42,189
ORD_000834,2023-11-02,SUP_011,PRD_0067,Electronics,South,220,171.54,18,18,5.27,290,22.7,0.95,167
ORD_000835,2023-12-23,SUP_012,PRD_0012,Apparel,West,65,193.16,16,16,7.02,1390,33.6,13.73,154
ORD_000836,2023-03-31,SUP_006,PRD_0043,Industrial,Central,223,189.16,11,15,2.21,390,4.4,8.04,107
ORD_000837,2023-11-10,SUP_008,PRD_0073,FMCG,East,66,193.96,6,6,3.99,1403,10.5,10.37,153
ORD_000838,2023-05-29,SUP_005,PRD_0063,FMCG,North,160,5.09,20,21,0.33,579,49.9,2.29,145
ORD_000839,2023-06-06,SUP_011,PRD_0001,Electronics,East,80,71.34,3,3,2.27,1028,40.6,11.65,59
ORD_000840,2023-02-14,SUP_012,PRD_0026,Industrial,Central,51,59.58,11,11,0.26,726,16.4,10.34,118
ORD_000841,2023-08-05,SUP_002,PRD_0034,FMCG,Central,169,36.31,15,22,3.49,660,48.7,2.52,71
ORD_000842,2023-05-09,SUP_004,PRD_0039,FMCG,North,162,114.2,7,7,5.03,1117,12.6,11.84,131
ORD_000843,2023-02-19,SUP_012,PRD_0041,Pharma,East,249,72.13,7,8,3.73,840,28.8,13.73,26
ORD_000844,2023-08-04,SUP_010,PRD_0039,Apparel,Central,272,75.88,5,7,4.97,1158,52.9,1.28,120
ORD_000845,2023-03-06,SUP_008,PRD_0098,Pharma,West,37,18.76,15,17,2.16,1330,8.2,9.12,94
ORD_000846,2023-10-17,SUP_014,PRD_0008,Electronics,Central,271,148.39,18,20,0.42,419,31.9,8.65,146
ORD_000847,2023-03-11,SUP_011,PRD_0020,FMCG,East,13,161.51,10,14,4.99,411,8.7,0.5,174
ORD_000848,2023-03-03,SUP_004,PRD_0014,Industrial,North,268,89.88,19,18,0.45,249,19.4,7.51,67
ORD_000849,2023-05-01,SUP_010,PRD_0088,Industrial,Central,73,87.61,20,20,5.09,378,10.2,11.3,81
ORD_000850,2023-03-29,SUP_009,PRD_0026,Industrial,West,158,59.31,19,21,0.8,1205,30.6,10.18,120
ORD_000851,2023-07-17,SUP_014,PRD_0055,Apparel,North,155,92.5,6,7,4.51,22,35.7,0.99,186
ORD_000852,2023-12-03,SUP_015,PRD_0046,Apparel,West,244,56.83,17,16,7.85,732,31.0,12.98,73
ORD_000853,2023-06-28,SUP_002,PRD_0023,Apparel,East,298,69.18,19,19,5.72,286,18.1,11.56,97
ORD_000854,2023-07-21,SUP_011,PRD_0062,Industrial,West,102,116.06,5,9,7.42,1349,32.5,2.38,102
ORD_000855,2023-10-29,SUP_010,PRD_0052,Electronics,North,25,170.7,21,21,1.27,197,40.6,7.74,193
ORD_000856,2023-09-01,SUP_013,PRD_0094,Apparel,North,99,146.18,13,15,3.07,860,55.5,1.4,84
ORD_000857,2023-02-28,SUP_002,PRD_0057,FMCG,Central,25,184.86,4,8,2.57,1430,28.1,2.43,183
ORD_000858,2023-10-21,SUP_005,PRD_0063,Industrial,East,125,41.84,20,20,1.3,1082,48.9,3.29,169
ORD_000859,2023-01-13,SUP_013,PRD_0018,Electronics,East,218,114.52,6,6,6.92,697,12.7,11.08,184
ORD_000860,2023-09-28,SUP_004,PRD_0074,Industrial,Central,190,72.58,18,18,7.2,282,48.5,6.86,180
ORD_000861,2023-07-12,SUP_003,PRD_0067,FMCG,North,70,100.75,5,6,0.41,1107,21.2,3.75,94
ORD_000862,2023-05-09,SUP_002,PRD_0021,FMCG,North,283,115.92,15,17,6.83,1251,31.0,6.29,34
ORD_000863,2023-10-07,SUP_015,PRD_0034,Electronics,North,183,85.44,6,7,1.6,121,10.1,8.43,104
ORD_000864,2023-12-06,SUP_002,PRD_0073,Pharma,North,187,196.25,4,4,7.6,1225,44.9,13.98,161
ORD_000865,2023-09-03,SUP_001,PRD_0014,Electronics,West,269,46.6,7,7,2.8,978,19.6,12.82,78
ORD_000866,2023-01-11,SUP_013,PRD_0026,Pharma,Central,204,137.02,4,3,5.9,1131,30.0,6.11,116
ORD_000867,2023-12-23,SUP_007,PRD_0071,Apparel,North,234,25.36,7,7,4.93,753,22.4,5.48,34
ORD_000868,2023-05-02,SUP_001,PRD_0030,Industrial,Central,300,11.06,10,9,6.41,1474,16.5,1.32,34
ORD_000869,2023-03-06,SUP_001,PRD_0041,FMCG,Central,135,199.62,17,17,1.04,814,29.8,2.27,39
ORD_000870,2023-02-09,SUP_004,PRD_0064,FMCG,South,237,143.2,11,15,7.53,1129,19.0,9.98,154
ORD_000871,2023-05-17,SUP_009,PRD_0014,Electronics,East,220,141.69,13,15,4.97,572,6.5,13.72,153
ORD_000872,2023-04-29,SUP_004,PRD_0016,FMCG,South,28,195.63,12,14,5.59,1331,46.3,14.32,25
ORD_000873,2023-09-13,SUP_010,PRD_0050,FMCG,North,40,57.26,4,4,4.88,1014,3.1,6.05,133
ORD_000874,2023-01-23,SUP_003,PRD_0085,Industrial,Central,36,132.76,10,10,0.25,712,56.4,13.7,106
ORD_000875,2023-05-15,SUP_001,PRD_0044,Pharma,West,228,156.96,21,21,7.43,116,48.8,8.52,193
ORD_000876,2023-05-28,SUP_010,PRD_0093,Pharma,Central,143,34.18,20,21,3.05,487,9.6,0.72,194
ORD_000877,2023-05-21,SUP_013,PRD_0070,FMCG,East,212,9.64,5,12,2.19,550,40.2,11.85,175
ORD_000878,2023-01-07,SUP_011,PRD_0042,FMCG,South,237,93.62,6,6,3.52,955,4.1,5.7,183
ORD_000879,2023-10-12,SUP_010,PRD_0011,FMCG,Central,292,64.18,9,9,0.51,368,17.0,11.91,86
ORD_000880,2023-09-11,SUP_003,PRD_0019,Pharma,North,129,24.66,7,7,0.31,1401,31.4,6.88,101
ORD_000881,2023-01-22,SUP_001,PRD_0092,FMCG,East,18,136.32,20,22,6.86,723,33.3,1.15,80
ORD_000882,2023-06-29,SUP_008,PRD_0015,Pharma,North,131,42.4,6,5,4.56,1394,26.1,9.81,92
ORD_000883,2023-03-15,SUP_013,PRD_0047,FMCG,West,201,95.2,3,3,7.79,1273,3.8,5.84,94
ORD_000884,2023-03-18,SUP_010,PRD_0028,FMCG,Central,270,157.13,21,20,5.7,440,24.0,8.95,188
ORD_000885,2023-03-18,SUP_011,PRD_0011,Electronics,South,299,101.69,15,17,4.6,1122,44.6,8.32,51
ORD_000886,2023-09-28,SUP_011,PRD_0068,Pharma,West,172,55.3,4,5,6.69,600,54.8,5.27,112
ORD_000887,2023-04-29,SUP_002,PRD_0089,Apparel,West,219,73.65,17,17,2.82,1035,6.4,5.75,143
ORD_000888,2023-11-06,SUP_007,PRD_0030,Pharma,South,285,50.5,10,11,7.27,1380,35.9,2.5,86
ORD_000889,2023-05-27,SUP_002,PRD_0053,Industrial,Central,85,116.05,13,13,5.06,405,54.2,13.21,23
ORD_000890,2023-03-27,SUP_013,PRD_0071,Industrial,North,74,174.15,6,6,6.67,49,42.0,14.85,53
ORD_000891,2023-09-21,SUP_015,PRD_0055,FMCG,South,215,139.99,19,23,1.93,600,8.9,13.51,106
ORD_000892,2023-10-30,SUP_001,PRD_0010,FMCG,West,219,126.9,6,13,5.93,892,18.8,7.42,54
ORD_000893,2023-04-04,SUP_015,PRD_0066,Electronics,South,13,119.52,21,25,2.96,1329,28.3,5.15,65
ORD_000894,2023-09-18,SUP_013,PRD_0013,Apparel,East,262,69.54,21,21,4.51,1075,35.6,12.74,129
ORD_000895,2023-05-27,SUP_013,PRD_0023,Apparel,North,117,87.25,13,13,2.23,1260,20.2,5.54,62
ORD_000896,2023-03-02,SUP_008,PRD_0029,Apparel,East,142,197.78,12,12,6.03,474,40.7,2.54,72
ORD_000897,2023-10-10,SUP_001,PRD_0077,Electronics,Central,285,160.2,19,21,0.05,52,23.4,4.59,166
ORD_000898,2023-08-07,SUP_014,PRD_0059,FMCG,North,71,89.99,17,18,3.46,538,7.0,2.48,91
ORD_000899,2023-12-09,SUP_013,PRD_0011,Apparel,North,177,33.03,6,13,2.68,928,38.6,7.94,38
ORD_000900,2023-12-28,SUP_001,PRD_0056,Electronics,Central,172,39.7,13,17,4.47,1282,4.1,9.7,22
ORD_000901,2023-05-06,SUP_014,PRD_0029,Apparel,East,250,31.98,7,8,6.51,1017,18.4,3.38,42
ORD_000902,2023-09-22,SUP_002,PRD_0063,Pharma,Central,116,142.58,9,8,0.31,1408,17.3,6.01,169
ORD_000903,2023-05-01,SUP_011,PRD_0024,FMCG,South,159,134.26,14,15,3.92,1290,24.7,5.68,143
ORD_000904,2023-06-01,SUP_015,PRD_0097,FMCG,West,238,66.43,6,6,5.3,237,12.2,14.37,189
ORD_000905,2023-02-28,SUP_012,PRD_0017,Industrial,West,220,138.07,14,16,0.23,548,31.4,13.4,124
ORD_000906,2023-02-01,SUP_005,PRD_0087,FMCG,West,210,162.19,20,22,3.4,533,54.9,4.39,76
ORD_000907,2023-06-23,SUP_007,PRD_0029,Pharma,South,284,42.83,4,4,5.0,1256,37.4,2.37,158
ORD_000908,2023-01-11,SUP_002,PRD_0100,FMCG,East,293,14.57,3,5,0.39,431,23.0,3.38,60
ORD_000909,2023-10-02,SUP_004,PRD_0038,Apparel,East,179,83.85,15,19,4.42,509,56.5,1.02,25
ORD_000910,2023-09-27,SUP_013,PRD_0063,Electronics,South,154,61.69,6,7,1.84,1409,16.3,4.45,51
ORD_000911,2023-07-13,SUP_012,PRD_0035,Electronics,North,47,101.89,15,15,5.63,1500,26.1,0.71,158
ORD_000912,2023-11-06,SUP_010,PRD_0051,Apparel,Central,169,157.38,7,6,3.4,47,19.5,7.15,45
ORD_000913,2023-05-16,SUP_005,PRD_0055,Electronics,South,218,113.08,21,22,3.87,1439,32.9,4.05,24
ORD_000914,2023-09-12,SUP_013,PRD_0070,Electronics,West,124,116.42,15,22,0.2,475,27.9,7.41,47
ORD_000915,2023-11-26,SUP_013,PRD_0081,Electronics,North,297,35.51,12,12,6.92,1003,36.4,1.72,123
ORD_000916,2023-11-12,SUP_014,PRD_0073,Apparel,North,262,51.9,18,19,2.49,691,50.4,1.03,196
ORD_000917,2023-10-17,SUP_005,PRD_0089,Apparel,Central,260,110.03,16,20,2.5,1335,15.7,7.19,143
ORD_000918,2023-09-21,SUP_012,PRD_0011,Electronics,West,49,76.39,20,24,6.06,331,32.2,2.26,70
ORD_000919,2023-08-13,SUP_007,PRD_0064,Apparel,Central,259,29.69,6,5,6.99,856,25.2,4.8,131
ORD_000920,2023-05-31,SUP_010,PRD_0048,Pharma,South,82,59.46,11,12,5.48,1257,57.2,5.88,174
ORD_000921,2023-05-09,SUP_015,PRD_0043,Apparel,South,278,143.59,18,19,3.79,650,26.1,2.68,37
ORD_000922,2023-01-03,SUP_004,PRD_0089,Electronics,Central,244,67.54,12,14,0.49,959,36.5,1.47,182
ORD_000923,2023-10-14,SUP_001,PRD_0025,FMCG,East,228,117.72,10,10,2.45,1278,46.5,14.05,163
ORD_000924,2023-10-05,SUP_003,PRD_0014,Apparel,East,101,54.06,9,8,0.82,1069,36.1,11.61,104
ORD_000925,2023-10-22,SUP_013,PRD_0095,Pharma,West,117,35.28,21,22,6.27,443,7.3,12.15,57
ORD_000926,2023-03-15,SUP_001,PRD_0042,Electronics,North,80,103.32,8,9,3.52,1361,29.4,4.89,50
ORD_000927,2023-05-04,SUP_013,PRD_0050,Industrial,East,169,168.05,20,20,2.54,160,53.2,12.71,62
ORD_000928,2023-11-21,SUP_014,PRD_0056,Pharma,West,260,139.63,11,13,2.0,246,34.4,6.81,109
ORD_000929,2023-04-02,SUP_014,PRD_0060,FMCG,West,119,124.16,3,7,7.01,391,24.2,3.1,22
ORD_000930,2023-04-11,SUP_004,PRD_0001,Pharma,East,178,20.63,17,17,2.95,519,31.2,0.69,89
ORD_000931,2023-01-18,SUP_007,PRD_0006,FMCG,East,39,194.29,11,12,6.59,1470,55.8,14.96,181
ORD_000932,2023-08-21,SUP_012,PRD_0083,Pharma,North,29,75.17,18,18,4.9,1460,10.9,11.17,53
ORD_000933,2023-02-12,SUP_002,PRD_0008,Industrial,North,170,21.3,16,20,4.35,397,40.0,11.19,105
ORD_000934,2023-12-11,SUP_003,PRD_0076,FMCG,Central,17,188.23,13,17,3.23,1367,40.8,1.44,148
ORD_000935,2023-03-17,SUP_008,PRD_0006,FMCG,Central,111,138.37,11,10,3.27,1301,45.3,12.65,20
ORD_000936,2023-06-09,SUP_002,PRD_0044,Industrial,Central,54,114.11,11,12,3.7,238,55.2,3.15,42
ORD_000937,2023-04-06,SUP_001,PRD_0099,Apparel,North,121,128.31,13,14,3.68,1483,56.7,4.96,194
ORD_000938,2023-11-25,SUP_012,PRD_0017,FMCG,North,204,141.77,9,11,1.42,287,34.8,6.5,68
ORD_000939,2023-05-20,SUP_005,PRD_0034,Industrial,East,57,99.0,9,9,4.63,714,46.8,8.08,181
ORD_000940,2023-12-18,SUP_014,PRD_0075,Industrial,South,285,114.6,8,7,7.95,888,22.1,12.26,93
ORD_000941,2023-04-17,SUP_009,PRD_0071,FMCG,North,272,155.13,13,15,2.07,957,17.1,13.87,152
ORD_000942,2023-12-04,SUP_008,PRD_0076,FMCG,East,298,76.83,8,9,4.71,69,20.7,2.02,111
ORD_000943,2023-01-05,SUP_006,PRD_0044,Electronics,South,193,62.64,8,8,3.73,381,45.6,6.87,177
ORD_000944,2023-08-22,SUP_007,PRD_0094,Industrial,West,134,52.01,21,22,2.99,691,30.0,6.32,30
ORD_000945,2023-04-30,SUP_007,PRD_0100,FMCG,Central,215,119.43,19,18,1.31,340,55.5,13.36,198
ORD_000946,2023-09-26,SUP_010,PRD_0097,Apparel,South,180,158.14,9,16,0.43,185,19.9,11.6,108
ORD_000947,2023-08-23,SUP_001,PRD_0085,Apparel,South,98,61.65,15,15,0.64,483,51.8,6.83,82
ORD_000948,2023-03-20,SUP_006,PRD_0001,Industrial,South,186,21.78,20,24,4.4,807,42.5,13.74,191
ORD_000949,2023-07-12,SUP_013,PRD_0013,Industrial,South,172,153.08,17,19,1.07,669,54.1,12.39,128
ORD_000950,2023-11-02,SUP_006,PRD_0063,Pharma,North,123,177.35,15,16,1.43,481,23.4,5.43,20
ORD_000951,2023-11-09,SUP_011,PRD_0030,Apparel,West,106,10.76,15,19,2.42,190,21.7,9.98,128
ORD_000952,2023-03-19,SUP_011,PRD_0062,Electronics,East,225,37.54,12,12,3.19,1059,50.4,7.24,41
ORD_000953,2023-06-27,SUP_007,PRD_0002,Apparel,East,75,115.79,6,7,3.07,931,2.7,9.98,191
ORD_000954,2023-07-25,SUP_005,PRD_0055,FMCG,North,240,101.41,16,18,6.25,1458,21.4,8.26,113
ORD_000955,2023-02-27,SUP_009,PRD_0098,Industrial,North,86,3.38,8,15,7.59,1449,36.2,3.37,177
ORD_000956,2023-08-21,SUP_005,PRD_0006,Electronics,West,245,74.69,16,15,7.11,1405,23.4,6.67,192
ORD_000957,2023-06-01,SUP_003,PRD_0038,FMCG,West,18,90.46,3,4,2.38,72,36.6,5.68,29
ORD_000958,2023-09-30,SUP_002,PRD_0069,Electronics,South,84,127.32,15,15,3.45,562,22.0,7.14,178
ORD_000959,2023-05-05,SUP_001,PRD_0010,FMCG,East,29,31.06,19,20,7.81,1306,49.1,1.97,151
ORD_000960,2023-02-10,SUP_012,PRD_0039,Industrial,West,21,38.42,13,17,5.97,1477,39.9,13.3,130
ORD_000961,2023-03-01,SUP_005,PRD_0079,Pharma,Central,134,139.46,9,10,0.39,1174,29.4,11.53,131
ORD_000962,2023-05-21,SUP_011,PRD_0006,Pharma,West,102,136.29,8,8,2.18,833,14.0,11.84,188
ORD_000963,2023-03-08,SUP_010,PRD_0082,FMCG,North,123,46.52,11,11,5.67,452,5.7,4.67,175
ORD_000964,2023-08-24,SUP_010,PRD_0043,Pharma,West,253,186.11,21,21,0.1,697,20.5,12.43,58
ORD_000965,2023-08-25,SUP_012,PRD_0022,Industrial,East,216,8.39,18,18,6.82,160,38.6,8.64,108
ORD_000966,2023-02-12,SUP_009,PRD_0048,FMCG,East,171,91.4,9,11,3.74,319,38.2,2.92,110
ORD_000967,2023-10-17,SUP_013,PRD_0003,FMCG,Central,261,197.96,16,16,3.0,1100,9.6,9.3,51
ORD_000968,2023-02-19,SUP_002,PRD_0074,FMCG,South,91,153.84,15,15,7.88,821,33.9,5.6,75
ORD_000969,2023-08-03,SUP_006,PRD_0081,Electronics,East,267,108.05,11,11,3.14,827,30.7,7.23,135
ORD_000970,2023-03-22,SUP_001,PRD_0069,FMCG,West,98,137.3,8,8,0.79,1188,39.9,14.63,125
ORD_000971,2023-04-07,SUP_003,PRD_0079,Pharma,Central,51,120.71,3,4,5.86,46,20.9,4.12,165
ORD_000972,2023-11-17,SUP_006,PRD_0003,Pharma,West,292,103.24,18,20,1.54,330,28.6,10.98,81
ORD_000973,2023-03-31,SUP_015,PRD_0026,FMCG,South,160,14.83,18,22,0.25,1182,28.7,4.05,174
ORD_000974,2023-08-16,SUP_008,PRD_0065,Electronics,Central,179,174.67,10,12,7.27,501,28.8,14.46,21
ORD_000975,2023-01-17,SUP_008,PRD_0050,Electronics,West,143,176.9,16,20,4.3,1465,47.0,9.88,156
ORD_000976,2024-01-01,SUP_014,PRD_0093,Electronics,East,213,166.0,3,3,5.8,81,23.1,10.89,150
ORD_000977,2023-11-19,SUP_002,PRD_0014,Apparel,East,67,144.95,17,17,2.93,1344,21.7,13.74,143
ORD_000978,2023-04-18,SUP_011,PRD_0089,Electronics,West,261,151.0,11,10,6.06,701,19.1,6.95,135
ORD_000979,2023-12-25,SUP_010,PRD_0005,Apparel,South,277,59.11,11,12,1.77,759,34.7,10.85,98
ORD_000980,2023-03-23,SUP_008,PRD_0092,Industrial,East,89,149.26,21,22,5.56,300,37.2,12.96,85
ORD_000981,2023-11-23,SUP_004,PRD_0075,FMCG,South,16,53.37,10,9,5.77,1058,25.5,9.47,63
ORD_000982,2023-06-26,SUP_009,PRD_0041,Pharma,East,203,173.35,7,8,3.88,346,52.5,7.49,143
ORD_000983,2023-07-14,SUP_002,PRD_0044,Apparel,East,115,46.41,3,5,2.23,1492,47.8,9.92,111
ORD_000984,2023-09-13,SUP_011,PRD_0002,Pharma,South,113,73.98,17,18,0.26,1282,7.7,5.28,37
ORD_000985,2023-05-19,SUP_014,PRD_0095,Pharma,North,38,90.43,20,27,4.18,501,16.9,11.22,196
ORD_000986,2023-11-30,SUP_012,PRD_0059,Apparel,North,146,111.29,10,10,0.73,389,44.5,13.8,53
ORD_000987,2023-09-25,SUP_004,PRD_0032,Pharma,Central,254,93.93,12,11,4.3,104,20.5,9.69,70
ORD_000988,2023-09-02,SUP_008,PRD_0026,Electronics,Central,120,120.46,6,6,2.4,19,35.7,12.99,48
ORD_000989,2023-08-15,SUP_011,PRD_0079,Industrial,North,138,151.4,9,10,4.81,1008,38.6,5.27,143
ORD_000990,2023-09-21,SUP_005,PRD_0034,Pharma,South,184,56.51,12,19,4.49,632,38.3,2.12,66
ORD_000991,2023-09-07,SUP_009,PRD_0061,Industrial,South,101,14.98,3,3,3.46,623,7.5,13.0,107
ORD_000992,2023-11-23,SUP_004,PRD_0100,Electronics,South,119,62.83,20,22,2.44,1086,29.4,10.43,176
ORD_000993,2023-04-18,SUP_006,PRD_0021,Apparel,West,97,170.77,21,23,4.88,321,20.9,7.99,141
ORD_000994,2023-12-01,SUP_005,PRD_0030,FMCG,West,165,75.42,16,18,2.45,1488,22.5,11.31,135
ORD_000995,2023-06-07,SUP_013,PRD_0054,Electronics,West,38,193.8,16,17,2.83,286,58.5,11.62,24
ORD_000996,2023-12-27,SUP_012,PRD_0033,FMCG,East,22,65.73,9,9,6.33,667,34.4,11.22,75
ORD_000997,2023-11-13,SUP_005,PRD_0014,Electronics,South,92,66.45,19,19,3.84,1477,36.4,14.3,31
ORD_000998,2023-12-04,SUP_015,PRD_0091,Industrial,South,153,197.41,15,17,4.69,121,7.9,9.77,90
ORD_000999,2023-10-03,SUP_005,PRD_0015,Industrial,South,47,66.26,14,14,6.2,847,49.8,13.17,170
ORD_001000,2023-06-03,SUP_002,PRD_0057,Apparel,East,289,153.03,21,21,2.09,1087,49.4,10.5,55
